n26wtR-OFr8,1014
vPsic3dEndc,1228
NcVxrr_q3Hw,1583
au3S8F08v54,2254
NXin9D2Nc10,2881
B1tEq5RU-Wo,2915
PQX93KCpcCo,2938
nXDZCuFESSU,3342
-tjucPZlcgc,3571
_f_LqAXzol0,5112
BsQZPKeaKBg,5246
dwkNG9qeYIY,5279
E7ykb1geOoU,6006
3mUtNE82ZV4,6292
S91qCkeiu3U,6535
UmHVoBKLw68,7044
9YTQMPf3Z6o,7565
aJJcVyiZT0U,8368
AtIoXmGwyfA,8766
5-rHVxhQUJA,9667
rHwDegptbI4,9815
O3hz_DQ63No,10101
iEHB_opjO0k,11257
m0HN1TB-Jcw,11511
3iXwXYflCSI,11619
r81egea0QPo,12190
ip1FhJhM7vg,12316
SfUDDMj3NO0,12630
I1uCGgc-Jag,12858
J6H6ND35Swc,13836
7LQ08Lyy_tw,13927
6W45zR0knjg,14125
0XR-FwfdOos,14236
R0KavFAQs0A,14584
G0XLp2AQxek,14608
PHhYqLCsAos,15144
NLCfRHdi6Ig,16074
VIfGG7wLlM4,16364
H1Os-ouhHG8,16572
ia_NWRMgoAA,16860
FJPkiOX9NgE,16902
-XcvFTYVxnA,17036
ODuU3wkNqfk,17096
2rp_8lf-kik,17180
b-ufhlIlfmA,17227
jxbDvIXcW_Y,17401
34yQnVJDTt8,17865
ol_ieWX8SxE,17867
o8Z_FMVbJqI,18458
eQPoVNrCZTk,18543
UTNnhZqTY5c,18728
JK3QFj8mD1o,18976
cpB-tg6eK3k,19118
hbmdI8A7SSo,19499
Ca89nJLefXY,19550
Xz66QlXXYyw,19628
aNpl8EsTR94,19799
zaPsZVFAzH0,20166
uT3wso5Zp7k,20387
H6tRAXugvHI,20443
cM7HHCI1EPc,20555
sdvfBbSsPaE,20617
wIPzAALdjaQ,20842
5QpnRjXtm1A,21071
dtdT-ZHCBw0,21075
nIPt7dJrSXw,21183
RanHW12ZP5o,21295
n8v0HrixDHE,21344
1m7WNpBbjKM,21410
UhSJp34wOeo,21665
5c7FL9QV1bs,21856
CI4ve0pw380,22765
sVfTvLm-7Ac,23008
8HTdbCohTXY,23146
0VQysq26ozE,23274
1vtYKgv28Jw,23297
UCCcvxvwNVo,23651
xzWDIgvsFTY,23719
jBzwpspHssw,23963
nwv7rK2Zrx0,24056
SuIAnnSsuXA,24078
kEU5V4jq2w8,24322
hLqHZGhIFaI,24369
qBThRxhUzo8,24432
kFiJG9KZJ3s,24553
WHzTLDP4o_Q,24585
tOr88uFiOjQ,24778
_2v5kMaGCNI,25146
5pJLKoB_yCs,25251
jbeEE0RaEeA,25367
76nG5pENy_Y,25484
MVyJZfFH9GI,25490
ycPdNnpVE08,25621
Zqh2DS7oIbU,26295
h7MBKjAyBU4,26682
INRXOIgmNUU,26951
hROYRchrJkU,27048
pfYEiDg67AI,27147
Uz-uEW_Rur4,27322
WYgBU1U8h8E,27343
SNCMtOdaIxU,27732
s08CL44QLck,27753
8lPoqMD7Ko8,27841
cY-7vOEC7Bc,28149
r_MU7WAR_6I,28204
bOBL980Xsg4,28360
--uXQQ0h-yQ,28725
GpekGi00XCE,28804
0ANDjPQPS_Q,28869
IJuZSD8GGZo,28872
svD_Nxqer00,29228
VEoOuF_cN0Q,29336
zw6hMTAtdwg,29357
FYk6BVoyWFM,29520
leFNoUJmJ9o,29582
dgW5kpeSB1A,29724
gqKrByxzpgg,29909
xmMxtSwTwwQ,30422
iCXQwI2Luw8,30703
LS6xrrsU1G0,30849
zhbjf49Lv9o,30898
zslYmBRhdOM,31013
aRXgvkpMZrI,31023
3Haf2k6R8sI,31112
8A3ILTZaswo,31259
JhfACxB_KWs,31513
5PI1xwT2-74,31549
R-lhShtMfvQ,31565
OmhvgIgwLeM,31746
WsEpPETBbeA,31920
X6NyvN4ZTik,31969
mO5vP_iNUMI,32034
1LWbRkt490A,32124
dDBAhxHUkFw,32160
vBuR-I4AT-o,32160
Fkwkn7vXpWI,32198
OM9h-llN4TY,32273
yo8cCV0_zCg,32386
Ux7f_eqeLYw,32797
w9dOyO1QM5Q,33170
sAWeoDHzBgE,33479
pYClHihdjsE,33481
XbDKZMy-HEg,33716
gRhgPUbOIyA,33868
cpvoCLX8agc,34347
MfLcjWq6m9o,34425
5tCyAEMaE-I,34575
ZAO9WjsFcaI,34708
oky9_tJyvpI,34860
KopT-9VSZn4,35142
nzlazAyylw8,35182
aSWbndbyYeo,35260
UBh2ydkoDU4,35759
Pu0lwHPW3RM,36419
Kx-TGqqMuPU,36477
GO4hi9004hg,36520
T8cBr45krls,36825
pfGq40iHpME,37390
KVw7fdB8gXM,37434
7Fpbkpsx3cM,37603
DH1G703mf7w,37615
1Wo6WEBhBBw,37743
aV2B1-Qhab0,37759
8vRliTJ0-CQ,37831
7I1H0ABg4oY,38205
g7IfZX91qV0,38211
USigj639wTU,38293
b1JsP0hLrg4,38756
GRkHQ3RCW34,39219
g1vFoVDKA_c,39250
ec9r9THD5eU,39417
5fW5dsc0-5g,39474
jCRK5vy47v8,39576
Q0hEOLm6Wrs,39650
uNOJaKrNhc8,39754
NdqLiIaZoeo,39941
zMLfhTnyPVs,40162
nU0HDSalUQk,40304
vgX5M1eVhyw,40342
kb1qAO9KB3k,40395
L60GziFpdA4,40464
DI8JsP05k5Q,40484
UdRZLPG_xUM,40634
cvvgmjAaMnY,40676
7cTi6PHUqMw,41432
DdDRtQPXPtM,41474
9DgrJ89Oo2w,41570
MMjmdNqIrSU,41726
6uJemANlDqQ,41968
3Xb3eOH4PMA,42141
uI4AsXCHfWU,42154
pNpsjMnO7mU,42498
s0qeYQZ7mEo,42538
O3eO646jjzQ,42633
NuKHa6c2LuU,42855
k9oMv0JzCn8,42983
bJ-wMCV05EI,43074
hVEgTsmBDw0,43253
E7Er4t8PIYw,43285
V6cb-D8-vTg,43293
kWolKH3zwkY,43297
QcFZLREWnBU,44528
86atbRCxDgw,44807
bCznvAkpwWs,45036
5wVnr3cahQg,45160
ip_r4y-23JM,45175
WXzA0pfvO6w,45194
yN8Jclaqf0Q,45281
949vJMp0v40,45694
OZhUjWMS0qg,45826
eRdjw3dlGEE,46059
dQhH0vPTSZY,46206
WKcYTvyoidw,46344
29FW8nTF0Ww,46362
rXbrryghxAA,46598
Sp81sTev4cw,46940
PJ-b7o6RFCE,46944
RQpGCAkpEtY,47378
Qn4ctBaNI00,47421
87YT_i8Eu5s,47772
VmdKae7P1xQ,47801
bi9NkBZ1qe4,48025
YJ1aeCE6pd4,48202
cWy8jWXhdnA,48289
N0tmF4j4K6g,48308
9xPz2SUdYGo,48323
oQx3h5D9pwg,48348
b_aLROw98NA,48418
j3IYFeVwf5I,48452
Y0MjGxKe888,48525
cZV6ebHoJ08,48660
6Do5X8A2HYQ,48781
IE5TzELzvmU,48880
d9aIHhsjupk,48882
MKLlDnUqho4,48955
KUNX9KK53lA,49090
kGTqQUyYiLs,49139
npCluN5VHF0,49179
U4COOi4942A,49439
xJ7A_o2Toog,49447
AeVJATwE2N0,49650
XY8QQmFswmA,50174
_ROBzItOaOs,50249
NxuwtI5Jp_0,50487
k6fEpn_lzmw,50602
acIRvVxB4go,50614
Oa9c9JBBGxM,50637
gBUBAfGIytc,50702
ZwIuff3270M,50755
XmNm5e3AAjY,51153
hIwRdDcQBEU,51301
YypPLpuPJZU,51703
Z8qKEQhBdAg,51789
4MtAl7F6xio,51808
1XvdgeXuyPs,51939
GL8oRm8Wo3Q,52144
UNhI8F-C89o,52199
CCPX4EYrskw,52250
wVy6mbSbbiA,52793
XPrHD-7jjUs,53399
KtqVezaUhkA,53416
bkwLxcfcKTY,54054
I-GRBHy4TjU,54087
JwfZqomlPsk,54100
d5w7iCkHvaU,54124
Fjdbk8kBFNA,54171
kAQpyoCls7Y,54345
o3Fam8LqZjA,54928
SsaI0u8xn_4,55098
l9nGCJlDclQ,55572
Ssvv40iz-Ls,55610
L4KiF0gHpvU,55649
Y_1CaQl0FJs,55747
41oqd-mogW8,56046
os5mMTl3IBs,56062
CWSYOdxx8Tg,56138
9Jn8TXoPQTg,56243
s3oogx4roPI,57061
q4_icwNQJJw,57231
xeCSGweXykQ,57359
NNSO_4yKM0M,57610
8WZuk8KXC5M,57701
iyOY5nAtLuM,58222
X_vVMmvjEts,58349
AGbuiYvynhY,58365
nQ7mhC5_Rys,58488
uXNIeQjav80,58605
ejD9084JJA0,58898
Eeb2CgoSt9M,59050
wf3t5p2XDAg,59201
CrUETaziY_0,59289
VswT01nKLLA,59295
qdSUlpc67YM,59301
lE2iJ7ftB_g,59901
_Jc8hxt6kdU,60270
C0Uv23ELQMQ,60632
vT_IlY0A4_0,60989
w1fN1_9BNM8,61467
SHI6LfICx6k,61641
mrTNzn4-K3o,61954
vzyENzPa370,61968
mTKCKBu8CLI,62012
P4ohTV_28Oc,62248
sDvATt2VBxU,62388
gxaoefdyJRM,62748
3qYt_fXdaXY,62794
EA5Tn5Gw_8s,62838
5LCjvpjhf_4,63013
W5eoXXO9a4U,63257
Kk4gQ3mVI4s,63734
JAcKgCfTSq4,64115
L1TScBDOdwc,64251
c1cvDqM_CMg,64450
a3Iaia_MYPc,64464
9StYOIBLanM,64473
NqH0kLCm1cI,64503
uVQTVw7ucak,64504
1eS_17CG9sk,64691
JAqQ8Myx-1c,65015
BWX1ygwYzWc,65046
ZKSeQmgg40Q,65102
H83cVi2sCJM,65368
yzl_ZKQExnk,65396
LctCTZKdO18,65556
l4HxWVA59zk,65587
rhGRZ0pedY4,65641
umAXAP50hKw,65643
3QohbrF0GIg,65920
pIYFz05yrUY,65928
fW_SW-EwVRI,66018
nYykdHDv4N4,66023
Wl9NFbqbwEw,66039
hNpgwz8wvE8,66141
QopkF3p9nBk,66666
_ti2nJnJZnY,66871
6jV798JxoTY,67113
M5zO1XSmOg4,67575
uCnPZHrrSDU,67917
pV5r-dlSD1A,68164
T_AyI8I4O3U,68288
6ZwXRnueOMg,68307
3K4WG7Tqza4,68829
diOhJMLSCNw,68887
wEkCf0IVAV4,69430
DtWriozwdR0,69537
LxIBv_XS3ls,69685
bxDX-nywiTc,69738
xnZA52oTp6M,70143
Kap77SLzVyI,70419
be3BHwNi58A,70601
W8_T7MMywcs,70636
9Vb8tOUh2C4,70842
54Eae2ewc1c,70857
If3NqScFjg0,71118
rPmh6vmIGUE,71294
E0yPapgxIgo,71624
UImlvzT2hHQ,71647
jTyx-Ep_LBg,72107
lw_KFCgcvA4,72266
FA_gIAGNDQ8,72611
G86COtz0xjs,72760
Wg-HTE1WbeI,72887
IJ9OFwFxxt4,72913
Eel8QDRlIGA,73092
fzs6O7b9Fe0,73167
0SLu6i6Rm2g,73474
PE6a5Amt7O8,73576
9qTJR0575Ek,73656
_8VHAHoCUVY,73786
BRWLN_Hxo8Y,74041
jjbcWoPXyas,74296
4FDpjKdlIxA,74547
Z35ALmnFo9A,74554
TIVvCUWMMAY,74616
ebzooSdAbGE,74643
eF0ziX0TyHs,74830
EQwhPkX3fnM,74877
ZvdPvq4dX78,74993
qE_EDUhzsPM,75117
odfYSiTpXpo,75188
Q4nc8Ky94IA,75449
iwd9apG72IE,75487
EofDwwembIw,75512
3GtSorFUQhc,75662
q8kIxK2kI7k,75675
3_keXD1yV3E,75700
xa2LxGIQ1DQ,75804
IVW7-k7pHE4,76049
1vc1cKeor5A,76068
q2_8cSXTtDY,76088
IY-M93e2lok,76222
Zt803kKQ41k,76287
nVy68X3cubA,76629
soYZ2yzxEjM,77107
13434sOl4Zo,77145
a0_QIfAT9tA,77174
oGf4sf0yxI8,77400
N0I2u6DKnwI,77430
VnaOp89Ir48,78088
4zD4HPlc-BE,78106
60Qi7Zv6Wbg,78321
4eOq4xzaPsA,78345
7d9cu_dmQ0c,78506
WsZXJKfJ52g,78584
I2eSx0sGReM,78639
MkR8GY2YBAU,78804
Y5Zu1P4Hg3E,78981
aWS6Oa0kq2E,79181
ctmgkGEOKI4,79388
BsX0xICayWI,80359
7RZzxbZ6WWY,80546
Y_BgapvcZO0,80586
tP_Dk81f9fg,80828
hXcoq5XDwyA,80946
-KeFvjm_hcA,80992
L99Bi097wak,81157
NfFlVcAW_PA,81441
uwbd0-gaoY8,81527
CYebJBcLZHA,81616
IFE_dep7_zI,81674
NWGguhHrzpw,81992
mXfyOYAdCUc,82117
gxz-OhTuo1M,82279
agGa4wRid2A,82545
cUtYh_ZUjqc,82582
7YiQ0-SBbT0,82949
_gRC4L6lNoc,83110
YNpCXG66_PA,83417
zB1pY4n_FyQ,83448
rEzEGto67Jw,83677
Y4lhAHTzbRE,83678
KfD8nLAeMDQ,83872
MAc8B58wOoE,83917
GLZZn7lCtcI,83958
RumNBu_KJjk,84003
S0A4hBJHND4,84212
wYUqHp3_nCE,84293
28_tNFnMrTk,84369
E9za4QHGnqQ,85068
rXfnPGGfSh8,85123
AN3vM-T-lm0,85153
Z61wL27eDRw,85715
R8QfoQYUsek,86092
YkG4Yvwucxo,86535
xpSHpVJsgCQ,86628
SvYAPV4FEaQ,86848
JMhSl6CxF-Y,86863
daR05oUWKmU,87063
HRstc9yxjBg,87096
T0_M3t3UVao,87171
ky8MhqSovW4,87491
sLJdBmAeB_U,87772
WipbEpll-rQ,88006
O1RNq6rMbds,88142
EROqrFqHegs,88150
L6vhib5e4so,88309
ipE-iN_LLcA,88411
SPNsGbjXVwY,88432
kKk6vEqFFOA,88434
mi2oVgaxj1k,88767
pVvuvegAYlI,88778
es9-P1SOeHU,88799
q-WipZ9p0wk,88909
-Hz00xRLPyo,88987
pWqRw4NfFDA,89066
bzzk0R14HD4,89590
Eonq7PRPIqY,89952
U33sa3PAMtI,89980
Yzk7ZhWPPfo,89985
hWgy6gAK9OA,90174
g4Go-VIweZY,90217
qGeXRr5FFY8,90344
FoxwmWaS1J8,90947
bkI4AZn_saY,91108
kROW5iooUKE,91182
vk9dMICMQwg,91302
TJS52KsNAjc,91451
ffHCh6ZCZfo,91566
8iEoyqO98qM,91633
C2-Fm2vpEKA,91756
zLDR4HJfheA,91773
0NS51Iph2Ms,91790
VXvu5rtJNd4,91811
CFwXUarN-wg,91867
PE2at2Wo9sU,92475
ZKUerb6IH4Y,92533
g4txv3A9ICQ,92541
ktQH78FNCfs,92548
6BhLaE0PHRA,92701
5DpvCOebmo4,93017
_PvfiCuNfO0,93234
2h_TxIxx-Kg,93749
XUjY0p_kLJg,93802
SWeEeugBQ6w,94034
JDDP9fY6dmI,94580
IVRVXYCrr14,95090
6m0lnvcQPP0,95555
hdyD3afxyxc,95581
FTv-CE43PpM,95834
Y1GgsGcuk7U,95966
XB3_v3sxq98,96046
USc52ljSmuI,96091
hUxQ74iAc5c,96224
zpgn8U5Ug8M,96228
1ihTE5cxUCQ,96286
tE8pKjl9jgo,96301
PGMR2A1_9pE,96677
0hcp-eMOn4E,96699
EgEljsUNCe4,96875
yVm38JyRCVQ,97547
aixso4N2vhI,97682
vd4zwINEcLY,97772
SLJYTr78NUQ,97961
sWVUjFXV9Yg,97982
rtQXLmkeOgo,98065
8CdP3MbrIZk,98270
HQYl0PBFI3M,98402
IjKdDRfJGT8,98430
FJgx-_eGRh0,98454
PUTEiSjKwJU,98507
qf_rqde7B0A,98508
TlvsuVe8Fh0,98540
jyTqvjvj8sM,98543
O5xqc3NcNVI,98860
p9zTSvEpt_8,98981
YQJmvXamKYg,99048
cdO78z5_jhQ,99581
2-bTbRjqjoE,99706
N9s2YY3g2r0,99835
SlQPqC_bX6s,99976
-pOSRBAqUdM,100236
Ra8PvLtSvCM,100327
YMw28iNfXAs,100585
z85JsxyICg8,100619
Z5UcSC2lWQ0,100709
vfqeeScKVyc,100721
w7kjFVvgiDY,100970
WAuSHwVwvzk,101143
JfksIHwO1qw,101202
7AhWb8c0kXM,101263
hX643KbiI4s,101336
saZizkBOOJI,102557
14G7U6pTcFk,102608
3lynMqYvPnw,102675
_6ViZ13mN9I,102688
UkXBG_DL1ec,103234
lmb6w5luY_Q,103310
SEmz3MZHYds,103415
0VsgQmCPgoI,103429
NRh8KWiCxWU,103812
QRl9IO2ORGE,104235
3a3vMfOCb3Q,104586
FDTKws5WxKw,105049
SzAuB2FG79A,105293
EvWPqF_AQHI,105390
PM5r8ITZn-s,105478
ZWqClKiz4_I,105505
L9eFkmjIIWA,105608
lo5ERI5nPbM,105704
12B8DNBoYRA,105743
d6u1muHTO5A,105932
SU0g1AAuBmE,105965
ph2RlcltYdM,106126
DsyeNGEmobA,106130
Fmonf-b8Jgs,106182
kwraJAssyuE,106209
JIr6Bv_JTSw,106211
tpF7R7ou4OY,106330
WTyNJOXycQk,106337
hxVnGH6llkQ,106398
4qOeuzeNfQ8,106581
wrzwGuLTnOA,106629
Lfy5Esue_ls,106737
R0QPCS4a84k,106852
kQQZ2hje42E,107158
zwrlJwed2mQ,107312
76owSh_PPG4,107459
HgjVWV0Uw3M,107574
LF32cBrUAy8,107945
bRlXatOvsZU,108081
J4DKqWlk8DE,108214
dCROpIx2s0g,108299
Bhg9I26EghQ,108331
6ULbkqAuo48,108395
RJyb4Nzi-qo,108420
abSc5wLOqBM,108625
utsPTIL0ACE,109287
KdFRkillEfM,109748
I5vjN78Eroo,110446
n0pMQHNjtxc,110730
739XDwYBEdI,110798
QfmgAmtGXwo,110880
72QQsWm7yFk,110895
Hp4z1ztsYBw,111294
X9Gc_g638C8,111441
ECLwG0sHrAw,111614
U31cQJLi-mQ,111686
xPixhGo4cU4,111740
xF9kTkjrHdQ,111834
-trTIbE3N4Y,111864
sF1l7v3XY6I,111971
rR-wWKCe92o,112093
Os4MTTzTKRo,112317
V0nfRcc4PJ0,112351
KMmXvAncPqk,112648
c5E9Rns3HOo,112735
LdbbfkKmpT0,112827
nR3OdeqiEF8,113286
MLywBJCOK6Q,113669
zcJ8BTAGqE0,113922
ENr6CXm1YxU,114370
EaC6LTIxBrA,114615
YemaMEMB8zc,114876
8PwD3DUTJWM,115010
7LlWd7HP_bc,115052
YWVylysTNIA,115131
qN1_nEdly7I,115218
LPBPma9YJnE,115521
jm_mZqqL40M,115562
ReNY18XdFTI,115700
icNpyzmE0Nc,115955
8vambqBQVwk,116007
Mmkf4zYlW4E,116255
Ub3ot5DC_iE,116872
rxUfRhVYeKI,117036
Er5jqmjaoo0,117316
dypSszf0d3I,117401
Rtyv9919Lh0,117745
3db2XrU3__0,117970
wNiDGbmOFVM,118181
bNF9VJgfPS4,118245
xegUPsJaUKc,118679
0fOZ4Nwm5Pg,118828
2UmRhLA3Qzk,118916
2nJ3U5dzvPs,118944
9BAwZN16yo8,119187
DuTReBPNx88,119256
ZsT3m5jdjr8,119334
Hi91aDmYI2E,119500
cm1_NPyNRvw,119504
vkbS_oEN-Tg,119856
cKIXdtntMac,120206
3jtjkXSvuJw,120366
21jcP-1w4DA,120676
xvaCIbcM2-I,120699
JqIkzS2wSz8,120806
gSW2l1z1lKw,120982
gkemkf8vs0Q,121167
Y5MqpKlKiSM,121541
scIrzG3kgRY,121549
Pl_BHQOCFDY,122204
IbVR4kzVQrk,122220
j1oMVG1ZMlA,122357
VwIXMm0a_t0,122702
xSmgnf6PHmE,122869
agmPDVtPEc8,123686
J2kNt-PHayo,123944
zxGg8QqWrRQ,124057
NGMnnrw70lA,125609
rqeQ2hRDDbc,125806
TvLGiAbgRc4,126393
Zukh-0csKPc,126680
tpcJt1HF6y8,126923
i6htP19PyEU,126926
ny_RtONZr4M,126952
Ddt0k3yU9Q8,127034
HSezK15Ewdo,127307
5ZoKBdxhXpw,127796
6iVbBd9h7W8,127865
aqzPj4WjO94,127938
UDIkXCDdLTo,128015
E7kUmvDKFLk,128047
59w7ymFyQVI,128779
2Zvmi5BzDbs,128916
WkzmaFnPKOs,128972
oTn329CjrRA,129026
f7kPSYWU1JA,129124
IqNQrpSe7UE,129159
EXZmln6LY6k,129853
RDP8Oh-br4Y,130064
0gv90B5DIPo,130918
Qj7DVNDb7To,131112
DJXUWLs6FI0,131259
70pJZ9w3oGk,131416
COLLKZ-q9TM,131511
3ONSFeRy9iQ,131977
-B7J36GNaDk,131985
XeLIvgsYdFI,132283
qTCksOKwTiA,132365
jjwiwepvS1o,132390
He-HBXbHT_U,132856
F62QpaPWXDI,133161
FJ_TFXjr__4,133465
ZDMgHk2DjoQ,134067
TPQqpxfm6BI,134314
MowKgO0IeyU,134871
SCPkXjwSWCY,134881
doFpACkiZ2Q,135325
WOndRFZkeh4,135451
wLl4ONpfbw8,135630
tMLy3u0I8VI,136206
pYWUamYfN7c,137018
OjhBeB9ESqw,137081
gOh2XtaPDWk,137150
F-nQ_KJgfCY,137225
kAp-jpENAlo,137273
6oHn_mmeUOc,137991
n1rblnOWhmM,138064
pwCuWyq0fHQ,138170
FCdvOAcbK4s,138240
akTosGXl8pI,138690
nshmwFK3yd8,138991
o3_jM-Ccb9g,139263
94oSf_56ilU,139381
S2Cq_TpNXoQ,140084
3pxyo7eSknc,140460
kRDb2X3gFmo,141556
EcFJbKJxjDA,141655
PuaBdAwbbZY,141711
zX1_qEVop0Q,141775
OXf9D91wrIQ,141965
GWM8x6Y6cXU,142100
JWAvRIpuj1U,142136
Klfho60budI,142194
RbmtNSxxkzU,142653
PZG22Oy1anI,143486
X3o3Vol7a1o,143666
DD2snaPATbI,143694
NA5vT1LooXk,143765
CR9zYgr84QY,144066
wJ7ffCNtCKE,144189
Jj0uBQ7j5c4,145263
a1WEz02s0m0,145412
OG6qjAivguw,145506
OGKchfcd-5w,145633
sWk4b3RO4EA,145703
VGPKryH8D2o,146034
AV5TOlGFHk0,146094
ZzZ-BsiSamk,146105
GoNT7uT8oTA,146789
1zKXeSkAgEs,146971
it-ru_UiMgE,147502
w3Rd-KZeVp4,147504
V2onC1_QOmU,147906
H3PKipRZKv0,148243
rIh1NW7afo4,148531
YgZiM_prrgo,148628
HaI5lLd3RvE,148735
jxFwvwYPPcs,149028
q9bGAAYR2MY,149178
i9EyFghIt5o,149627
0PW9MWDWLH8,150117
Cr_mEzG5JHY,150175
T3E6AKDbI2Y,150597
WrWSqak9t7Y,150663
OwuuDpwPYxo,151350
3Z6kYVQC83E,151461
Lok2EvthO-U,151626
BOQ-wZQhZZo,151767
9iM7W1Dvl6Q,151807
-su6If-bd4U,152072
FVwR2zK_Ahs,152807
Q4FZi6_DUO8,152875
dkUF_rHF-K8,153032
bcSFnVQg47o,153123
59yWucSYhO0,153652
TKddxONWn78,153728
tjVJgR4OrgM,153742
Kx90AspFmEA,153749
47_BVBakJqY,153824
mPg__kEZ6YM,153833
PNsUgvkjviY,154944
j5AILysDDTI,154978
ms9j25XkYoU,155219
gvYVO6vWm2Y,155541
SLzq5EZDteA,155655
COeinmZMYaQ,155706
MU29Wqg_BVo,156307
4L43VVORo5c,156359
eIG1Ix-3gdc,156896
_JbpTEtGTz8,157177
eaNCTyuvVrQ,157281
yqFIrrcmsJI,157337
4SANXNco_y4,157833
e9nFy2DREw8,157935
Yp5R84V1bDU,157951
SMAysGggM_g,158106
3QeRZj3LhS4,158197
_qEfXjdZrWg,159488
0gLsukihjVg,159557
icqp_XDH_BI,159593
dIjms29rFA0,159656
jCAuNTEO52A,159911
ZBM7DYktEyo,160121
pwnsGOlcdvI,160489
ZzStPviPY90,160936
_wM_jY_rass,161624
7SxLRFuEuLE,161630
HJBqbRMUOaI,161945
8diVDS4qW6I,162165
51tc6o12uqA,162834
eT2D50_pgUU,162847
7DLKv39MLbg,163048
Ei6AtHXJ9dg,163348
dqkEniTFTH0,163538
ILDMJavIY-k,163553
wjy9Jgnjv6U,163639
qECkYR4sjJE,163745
P1nCVWBTays,163750
w7m0T370Dkk,163907
HMvx0NbQ-Y0,164061
TwUaijHsNF0,164162
kNOTqGpcDw0,164498
g309T2rLOKk,164680
VeDIOvlN2Gg,164746
Rhnp3tMFaS0,164766
weebcQPRGUE,164817
6uBuxJXlWrQ,164979
YWE9YX-Km-M,165111
7keZTcdouoY,165610
tSjvx_c4meE,165847
rXqh6AcIb-c,166184
ijJPFowBsBc,166741
S-iiG3-4FJ8,166971
hq9SEUlkZ5s,167077
k3PEl45DjkA,167142
vEhoc_zGeN0,167216
nt7b-Qp34hk,167248
aydY1eiGjgs,167263
GJCJme9ILPs,167318
rLNK3wi44WU,167375
jrfsschAssI,167391
jcNwBdJd1aI,167441
cJzOUbYrQiY,167453
lyfRkPDZuz8,167723
rL4WkebTT_U,167920
3rVFuscWyC8,167929
tJoAYpurA6k,168193
QClzlZTXj4Y,168228
1x_5E3gquFo,168312
hj44lITeFHk,168472
g2GbkH12xMg,168486
_9wK8hVvjAU,168625
RtvUoab88UE,169099
TNRrY8m71u4,169120
Blgj9YbU9ww,169535
wLZIWQnACjc,169760
BPyNxoVJsr4,170441
3yt4JsB9psg,170662
uN9zBcweN4M,170797
GBhrvR838Ag,171463
_804kr2rMrQ,171794
aEEPQK96aDU,171804
y8dm1IbpMj4,171873
XTTf2fmh_QM,172410
rgyPpsX2B0g,172785
exLJr1ScSKY,173038
mHL8xhktzDc,173634
q6xkWA0Qi98,174354
45tSUnisIos,174504
JgByDCdtNE8,174569
lyqww9P7qyw,174643
QU8g0XNyHRw,174799
oj8JK6c5x3M,174836
CHLdNpzdXIY,175730
FTldNZ7V8ls,175802
2MxAwOC_o5w,175851
KSbHlycTciM,175955
d6awT91VKUw,176914
sOIBkZsGb0A,177062
PkIKCdT-f6o,177202
DOEgxMcRm1c,177434
z7VBtM7clT4,178045
If75XsbYCZw,178097
TUv06BScsp0,178431
ZcTZJiBTCXA,179186
6epjkX1sr2M,179201
za_7j4vSRyA,179323
ty-AFKiiTRA,179808
j26WyjSo1dE,180296
KweizHAroUU,180322
v_CnHkclnC8,180962
WY_l86QcMmA,181615
QfuOtGLfg04,181775
Swtha2lg-xI,181883
l-2xdJWnDv4,182343
7cql4KuraEo,182597
hsLcTO2a0Ec,182670
q57eQqq9-IA,182776
L424fq8RICQ,182791
MjttubnVpqg,182837
RYXGWpH3ZvQ,183396
3BEpWWxPXSU,183473
eeOnYPobY_g,183553
FtB3YSdLQR4,183668
2cosj7UeQoY,183679
UM_3NQtO9BE,184112
Djxjmq9pvrM,184115
BWhqHJtvbPo,184226
qIXvh9rXWJs,184566
nRRBajXoN4M,184630
JD40Q9esDws,185923
F_thvMnIxEM,187030
hUDAcPr9dQs,187070
NoyaSowvcJw,187085
f9KnpxU2LNU,187417
N40CC9Wzd9A,187910
8U88dHTfDiA,188573
uERIXLWeik0,189034
L9FA9U4s3Tg,189038
dl7tsRkAD7w,189148
iptUNUFdyas,189192
yRTRm9RrVaM,189270
wujdQNW6B5c,189274
4A-E6EJICvM,189801
sQc00uS6qjY,189996
qQFPikYSalg,190410
2Fdx4TcQFe8,190456
WXlr35jV3cw,191327
FmYMq9EHhdE,192138
-a12nTEcoqE,192909
wgiW1uFZYr8,193162
F6rBIWN8SsM,193184
UNtOI5RzCek,194293
CSDHM6iuogI,194341
YInRqgNMLBc,195527
MaTSyJDoxPo,195542
x1QroTKqG8c,195637
CE7SkcoyVAI,195665
Mn-3c6of8t8,195706
UgolB_YLQGs,196052
Klr7j6LmBXY,196312
hTFdtso911s,198207
xVp2opnGrEA,198684
KUaIX_3W7GA,198697
j6Z573n6-xU,199252
BZyUEu1osf8,199638
emELFiKMuf4,199670
N8U2EPiEbZo,199723
1_OVkSsH4NY,199781
31mjfjIkWiM,200232
c8ngetsBSGk,200556
mSatYnXyXq8,200649
r_ho3R3LbHU,201264
pHvXZLREt9E,201287
JJWOLBw7tEY,201690
6EHbZKLkeMg,201928
w-n3YPSHv4s,202320
0EQuVfP-vXs,202376
CofZ7xjGyI8,203210
nwPQVagUfrU,203399
paRcIxlBq5c,203557
dmdlKqW6zII,204182
hYip_Vuv8J0,204496
AVoe5SH_K8k,204806
2mrOcJNPxEc,204915
Plh2sfrbdlc,205177
Ns7h153aFb0,206165
8ZivfJUezjA,206383
Q_VeGFPY6BM,207243
Rm09nLK-Pg8,207265
TKc65We4Yhs,207284
eLyGI14jDGA,207287
8DR0RhpKp2k,208474
u5Jw7D-c3II,208585
NqYDzyIUfh0,209571
tT-lTxhW7pY,209811
sVjXp_341NM,210457
8cmrzeDJ8JM,210922
2vJDniqV8V4,210975
rll790aP60Q,211660
DBC04auZVcs,211841
buUazE5BR38,212295
G4MTmN7n8Ks,212586
9Ktmmjt8Tq4,212885
Tl_Qfj8780M,213094
25ibuwW4Dm4,214201
wqsu0vtxQWY,214223
R0HwrrqTaiE,214315
SBH83sXfsP0,215117
jrkhLuroyzg,215336
lojZXnH_978,215659
bE89bMMO22I,215909
7dhRpJ9ydiw,216042
r5JK6eEHwIQ,216491
VLuS34uhLJQ,216603
mCcN8NVAB8A,216738
cntsqw7XOF0,216848
BYwrSAZzXEc,216925
rxwYxZSeCho,216931
G2U_H5dFKH0,217825
RlrVhzxV0A4,218040
mZpGOQ7tBKE,218153
_bQbYmLAZ_k,218453
0enOVnTDmqA,218541
0GGbHtKmobQ,219083
FaJmopuuhZE,220332
3XIV3mfc8S0,220664
4FXO1Ydzkpk,221067
4OdLgsZOM14,221521
79dZ8JBTIL4,221771
QlnMYbtEy2A,222638
s4_d8WWS7z0,222724
2S2qtGisT34,223109
6eB_iBslIfE,223133
EAuQBaienc8,223483
26ZX7NbOhks,225986
ozkqm2ifMw8,226317
S1XtMT9ER0o,226551
lJM8qqEy35c,226775
Vlv_rWiwp-0,227074
Jb3xzXyNh8I,227091
wwVOmTImfLA,227101
v1pN6cj8TuE,227512
zGN8ghHMaKw,227836
8HvwNOSnveE,228667
r9C7Grxk4bU,229148
I92OeEHWmTc,230114
58sRIu0PUok,231182
SMBXARpIqME,232406
2m2HLU5uVwg,232589
puREqwXzyCI,233540
_hTTvO50QTs,233679
gzVTDKK-EKM,233822
x8DegXNFOns,234662
4diqg8_3a-0,235081
WX_0qCyFaeM,235449
ki-Afm4arC0,235468
ILZ7Oy3gM5U,235620
PIRSVcRIjq0,236604
Y3UA5Qf1pt8,237287
moLKl5PzZLc,237563
ZNsvGhLM42c,237623
mjBIsBPG1N8,238028
urkiePoszu4,238405
FUMpp2Rqpnw,239358
5Kk5QxB9lWk,239613
dIPu12KHIDo,239907
W187SzNVGvc,240545
QqJZxmU-iZM,240837
mjtn3EEG65Q,240891
7-7mW9daU5E,241787
qYmPNNvfawM,242069
EYeIEou-5kg,242095
yI2k6OKsSVw,242099
0ldBURP-cWo,242354
r9Dh46PLjOY,242905
h1-AXcb5j18,243244
-yMXWp-Fh3g,243634
OR2qX1oQd2g,243760
yLdav-8af6g,245263
qZwEZOuSEI8,245811
w9JQf4Lw46g,245875
ssbOzbL1SJQ,246054
RoYzoe0FHMg,246434
EwIe8nLwZMY,246797
zwEn-ambXLw,246809
gImQUUb8cU4,246889
Ihci78IBvzY,247275
LO0FwPXJbi0,247537
VygnE7XlWJc,247997
McenDl9NdYE,248403
f2rWMFf-pUM,248675
oJ_g5fUxtQo,248771
17wT_2StvnM,249023
hW9ScsV6QJ0,249109
s2GLaxXMVq4,249857
HlRd9Zy25zo,250021
o6TJFM0JDU0,250326
Qf24J2Twws4,250759
Nrt8lWPEEgM,250861
RzK4sqmgimk,250874
OTu9N40E_MI,251064
Vctcsa8Slxo,251152
NXNM0dTzHOE,251634
o4fHlldbRHo,251872
HHauPi8CS4k,252463
s9STSzi4iPI,252858
FjqBekVMwjQ,253060
pVgx8pYpwRE,254444
1_Nr0hrjR24,254737
wQZ95eZQtBE,255303
OWvCCu2t6Ts,255394
B3S9H0129Rw,255483
muYm5x8DyLA,255936
aJqEx_t_9S8,256350
KKwmGuQaMfo,256461
-GZZ-KSfuCw,256547
tIeXSCPBDsY,258018
FaxqVBYVOVU,258037
HfIgfy0HJHU,258110
mA4NVRV1FGU,258380
8Jg90Lqg3VM,259428
N6hVmn9FM7o,259786
6BF7IWpaZoU,259799
zN_DJ3c2N28,259931
Yhea380bYp0,260150
qQYou9xSKys,260334
ymrTNoGnP5Q,260338
6l9go9X1EbE,260508
mTf3Dcj5NPU,260738
D_Rl7NSpp60,261875
tH2U9_v7q9E,262936
RYs08kX3Ih4,263147
Nsw5HuVGdBI,264070
ic1kMoM_kPw,264839
DM-q4pEbxFQ,264922
Cy44KlXh6Co,265084
UU7OcFBjNgc,265088
Ct_lrDNvxoA,265512
EVNYfoFcrZY,265679
R8QG7nf5IXQ,265906
MJGkm0UwNRk,266231
h_GwO10HroY,267555
oUingTdSjC4,267976
kmH6rve3qF0,268058
7YoMGxBa0bw,268492
nyVsiKX8ojQ,268687
B3jbfLe2ZZs,268828
Pi2a8oxh-kg,268943
yabSoxBzo4A,269270
FQUmz9QxtFc,270057
M39tO96E6B0,270920
kn073_61fpc,271210
36PDeN9NRZ0,271796
JE03bUlN0rM,272086
lHG6I6Ec4yA,273640
CjjQ-T2n8S0,273841
XHkAjUVoQME,274032
4WaNHlisU4c,274425
7fm7mll2qvg,274981
4pq_VGpPooM,275055
zxjv0lo8bU8,275408
TdjAJeUy0zM,275436
66kn6Dcr12E,275733
iLp0CQRLgfQ,276632
OQ8v_KUS0Qg,277199
4Ibn7DeBS-Y,277446
M-9A1Ysq9RE,277507
4j-ED6tL85o,278534
wqS9QwOIH3s,279155
lU9xmWHBTXA,279265
OtkMzh9lilI,279563
KnQrvQep5Eg,279591
nRJuIrO9GaU,279691
4yG_k2Zlw7Y,280219
hSXf6ozQEwo,281064
jHBQDOabJLc,281108
IrmTRb2Ar1I,281589
MgMLdq9DnNc,281689
fc5tIKFDy1s,281793
ArVEH6KS6dA,282062
Hxkf1E4Uz9Y,283045
eHIY3HNNqzM,283206
7HJw7_fmwjY,283745
bi1wcqsFoCs,284933
WUxZCvYkwss,285290
qxXZF60EPdM,285687
jGiqc3HSxEg,285789
zorKvDiLbxw,286110
lWDWVDu01P0,286574
Up09AUDzLVI,286704
-PJaVBbRKcI,287354
JWISNlu63QU,287477
s_LxZx42sIk,287828
uJOCux8B_w0,288233
bGr7gouGzbg,288681
sn_Sgcxg5PQ,289399
Dlwf5u2BLAg,289992
W60dqZCEpiY,290175
XZ-IYxacK3I,290217
PUqi2P0ry6Y,290725
1Xr-3eDioL8,290757
5O4h2x9NuTk,290758
6rCBG57gQJ8,291698
yBXcNcBnImc,291742
KXRYlfjlFLk,291940
VONVWm2X4JI,292528
KMTJrFPie6w,293401
CfyMD5rSK50,293698
OdJh_Q5XY4U,293780
8mFUhpKz01s,293835
C4ZN-2MrgBA,294729
oU651Rj9QP4,294760
fIElFIuzGLI,295222
JVapiOu7Hkc,295242
GdR-iTH_f-I,296922
5KKszaZ4uOw,298119
QPn3lUhzaqM,298203
1glTOFPECNI,298633
LtqHnoHMQOY,298736
L7pElZJaB2w,298762
iNsTzqwwioY,300006
FVjXoM4DjTU,300506
oyC4lLTOyL8,300577
UDwDF6xgv7Q,301161
IOd0HGH6xKI,301204
1dQEfL2BfUM,301583
Q-KsToawMJE,301974
ca3eYxZedD4,302084
fs_eQQZEZRY,302344
zmcGIBpgG-Y,303341
KBlmLfHSKFs,303963
cOaRPJQXFG4,304105
flqzJnOehOU,304586
Bze3VoLmTTs,304917
YBT_rfVxY5A,304979
18thGW1YjRM,305868
Dg--VBBuWhk,307130
XdE5Psqh57I,307473
p6keMgLmFEk,307752
dcVFxgm2S1I,308959
EW3KD4kqqug,309079
2TQAP-uAN9I,309412
eYf1IKFNHgM,309535
5ER1LOarlgg,310501
4LqZdkkBDas,311196
IKuKZIISPE0,312224
ZdtobM01EHM,313192
L-T-aSHM0fc,313347
uD6IkyLMNkQ,314613
xPsEiZAOb_I,314718
1xvyVnkcgtE,315175
2XPF3Snm9JE,315612
EUtaUM0mfc8,316043
51cbHTKdILA,316044
s9EE_r0WRMk,316143
YMdo_0H1thU,316651
5zP4yWzb24M,316863
clIvdBfCHOE,317121
_P3l2rwAaOs,317661
_akwfRuL4os,318386
xxWXD073Ql0,318635
uUCdUCxTjyI,320287
SGuSLRZgr5U,320510
iWVlOHSmzzo,321478
XR2ezV6pusk,321632
LwZC54Ubl8w,322017
59-oYSzold0,322376
EyRzpUQTIGA,323072
m7CtnR47w20,323233
dm6ZSfE5muc,323417
o7OwzKm8aa0,323881
UCKC-QVcVn0,324151
BVRvrvCQdmg,324342
QkR_xPPmT70,324600
N2MHDzMcGpg,325229
4Lng7bi50To,325494
l8B5dqjsZUs,326871
P2z7Jwu5OfQ,327325
D8mu5AgUsPs,327679
FUzs2oMEs8w,328651
spOc_9ZhshU,328941
TosJRlDgKCA,330155
03RQLmDNIEw,330158
Zy6nbhUW_5E,330289
qqs3fxfmWr4,330435
52L2HML5O1k,330439
dPcclBGKAMw,330650
XtqJd4-VX94,330839
1HcoMNJUiM0,330869
exdrZa-k0GY,330984
CQZdAK_0PXU,331571
fkBYn3QkgpA,332228
L9YpYhe_L2A,332236
c7gO55FhKUQ,332751
rvkm8DPbWgc,332911
MiqL5nR5Cyc,333525
UtuUGoN6HPo,333699
EZOZ-XD5wmg,334209
Wjq7x2d_s1w,334492
C8dfiDeJeDU,334653
PmH948yZwhE,334870
EYkEshCOhEU,335478
mOvMR9K4YNc,335501
_fQtxKmgJC8,336112
jy-eDZkhljg,336349
1hTLGlgZ4Z8,336967
vN-9kXivHZ8,337432
RAXo1Y7AK_I,338268
DRfniGCgW0I,339517
w8elLwSfGEM,339646
Z7-R881j6UY,339976
HmBIn9De-Yc,340750
cokpaG9SyiE,341002
8ETcciGbBss,341639
8rWuGBPA7bE,341655
xp0m08eOD5U,342386
Ps-nEyvsCKY,342865
pomoP2SH8Cg,343286
ev2RHDUkE4M,343456
UedDBjWIMgU,343592
aw-r_G7rfnU,343805
07w3u8iLa-s,344639
JWH5KE1atAg,344710
PDELaG1YreU,345395
-5WBCrazSfg,345486
FZ4Na4rkst8,346725
kIHhVkkHV2k,347257
wjdXv3bOtqc,348471
UAdJvXMIlXc,348863
AB_u_kOSP8Y,349326
NBYL_QwYhjs,350116
ljEjBIZ2qCQ,351319
l9Rwc7-p5uA,352531
4TcIHlJQpEQ,353153
0lXX3dJUAGY,353435
IEq4clKnsdA,353574
HNa_UWX51_s,354338
Kc6j1IAK19k,354691
ScHb-rczYbM,355384
oEtEBOy0ys8,356088
vFK7oWLWapc,357409
G9j8wV0ghlg,357430
om0h_r2TAmw,357460
arY6lepNdzU,357624
bxeHBBf21UY,357668
Sf2ttFEyptg,358085
IUmdcd_8Vwc,358231
bU-vnDmxd1Q,359447
KP0r5LSbWL4,360084
8QCxV--St8o,360462
ceJcHUoO734,362065
MnpB1X5VbOQ,362474
TbniWvd5OZ4,362554
YuAA5DEXbG4,362640
Nsg6ZDd4NfQ,364750
hwnDMahSwNI,365407
LMCuKltaY3M,365565
YfWSMMPnTiI,366449
AyiRO0_Ta7o,366765
MYATU9yZODE,366988
1R0Xgq1bxZI,367132
pojXEFDFMw8,369011
0Yp9WS6cJFA,369291
CFMRJSPDr2k,369367
8nWw8q3zEpw,369844
qtWjb6ZJ3OQ,370125
9bAiXJoNdy0,370481
QQDL4stQCqo,373727
juYDGDEIGVk,374006
kPEzyLTR-a4,374013
6x3iBCfHFDc,374541
OunFUkc2JeY,374585
9lH5NgUnPUs,374728
7sce--mR0kA,374763
4FgV0yBZG6E,375897
qLVZiKDNxtw,378334
d4a9KApRUks,378492
Qc9-dHabR2E,379118
lHNmUUi6LzM,379476
AM1pavPRU8E,381343
UQHSK-kgONk,381675
LftOOM6qlJ4,381741
_H3OHSoNQUI,382446
JXZG_Qcm6Nw,382665
riaA0GW9jeI,383206
Aeful-nI3ao,385525
kDVMAIGZvvw,385595
fZB-ptAnoQc,385615
LHDHdyB0A5o,387357
XthLQZWIshQ,387500
mwpHSMv1pI4,388606
CpXaNIT8P5I,388683
esewCYA424k,388940
aRz_XfwcVtU,391156
WBxwX1myxqc,393218
sdnD09M5uj0,394151
aAG9G35ioT8,394335
ciaSosapI5Q,394835
9GqL1DSQDL0,395774
o3CaFMmKA7A,395808
Y9PYlF43i3g,396262
ir8UofAKNCM,396920
I6YQz96PYvw,399274
D2mjQP8cmYA,401375
BOhylL90UVQ,402345
ZQ8ir66M5XU,403283
KjHan6D3O3g,403548
UYDAgS2Mr6M,403559
5JTMOt4BeDc,404143
rjIsrpAg3JE,404313
JpR_JaVguBk,404397
-3VBPAZPTQI,404690
e9byydi6cns,404861
M_wZMgZNpaM,405412
fS37K3Lcf6g,406422
_6lGaYh71g4,406422
iztt-GoNv18,406742
WqMOHepSpkU,406930
kqbJCW-jxYM,407075
6F5x2ArbQKU,408213
9PluGinulQM,409574
bNJOpnztYgg,410353
3DflRo_Vids,411118
d8RW-WSpAhQ,411310
l2HlSkv5T-A,411490
3hn14sIQc6E,411549
_j7z_oPTvJM,412218
xe8Id7pDNOM,412247
UpvVb5pUEFQ,412258
ddDwAMvq5fw,412757
tFUKsthR-Ts,412810
_bzQ6sMFUb0,414775
ofdSsBKW6NU,414801
CoAiBdkXFBA,415209
NgVF0DMX3d4,415663
EENwBr3Mp2o,415700
YiEFcURJ67U,416014
-VgOGzBcMIg,416635
7Q5dDVHGr1M,416749
7snvaAmSHo8,416834
XQmI7hTE4Jw,417198
Mjl4OReUX-c,418752
KWXvMicCzm0,419487
C9c9gqKl_xo,419821
-uuq9V38Akw,420228
c24xTGTaTNI,420297
g0xVbwXs9jo,420528
ZnHW63aXXB8,420979
_wNZbgBPz1Q,421573
KDPG0YEsD5Q,421852
NhNJjvStrJM,422368
wsXxfgJZ4E4,422379
HTDNGv61-Dk,422992
5UL5wZJPLEg,423814
Ic8yK9YLyak,424688
e2ExvdtmIyU,424764
H4NjcO2GAMU,425037
KTbOAMEmnfI,425784
jpl2X8tDfIA,425974
C9vVz7j-zV4,427205
xVArq_Qs9lY,427322
DKk5eDqZDKk,427342
CvAQpSdcvno,427495
aJ9XruZm_Hg,427730
ElPJr_tKkO4,427994
VH0wjFRNKXw,428620
bUMWiiOlee4,430068
iiWm8AxvWtw,431006
UKka73nn1dk,432576
fmhbFFAFqRE,433481
KgBWLAKxi-c,433518
FntZKz9fXp8,433532
3adHok6ytJI,433624
xg9ebVTL9yE,433712
NBkC83-vh9A,434081
oxI2lyW31zM,435169
hzCeq0-Vd1U,435486
_UlPkHa4POE,435523
1hX1KSKqVmo,435697
tpyQLIpv4Yk,436114
ggm2Pvj2QHQ,436319
MTstD7FHcBw,437536
NuhhbcLyWWo,437967
nVrkQyLS4oE,438173
Fy2sbisN7Qo,438474
XZNUgzO9xJA,438737
bvBNvAMeovw,439258
7bFcHyI4dOk,439964
6RyOsIseJbk,441111
FofCwLXknq8,441152
2afSbqlp5HU,441268
3KmIMuLh4Vs,442492
hEXCdNnUErY,443007
je2FN-j8AhU,443541
bu0m_UdtoaU,443621
crjugtkXZN4,443960
mJt1O3q0zKc,444628
tOzCoDvRqyk,444660
7JMV6iBlXFo,445417
ROZgx6HXw2k,446838
qkBXzkD6tis,449039
ClM-MORjXQI,450283
48-pr5-G6Pw,451253
j6PsLLPdiKo,451671
PC1iHFQ0zEk,452773
tXoJTxPLrKM,453361
pWZtbfBGjIg,454088
q260bjSiyq0,455956
w9PkRku5srg,457720
VoYLwjHSQAo,457752
_yiQHtBFYkg,458154
AcjX4z2_Z5c,458444
I8S7ZH4-wIs,459809
CBZgoICDr6E,460311
NUjLi_tm-aM,460353
LeWtF5y9-6Q,460472
taxAD2LePy8,462101
ovEH_0lHLsk,463438
ijnp0bn0u6o,464038
LVPzYHk5VW8,464826
aeMv9uKpAZg,465374
HMKoFuOzkxc,467756
URfbzdgxFmE,467829
zUrDUxh5xS0,468190
ONQ-fAp5X64,469080
GZlCYNxt-Jk,469686
urBtAEObqoQ,470435
E9eAshaPvYw,473236
HuJkBDBloa0,473410
i6pw07k3GkM,474126
jDvKFN6aYsE,474692
eKHUU2NHP5U,475066
OVCZQJvgKLY,478538
2Yb_VA4L3YU,480142
wEKIAHrugZ4,481051
Kpxn9nl02qg,481938
kNg_RFDYpTw,482479
Yjf5scyjifU,482578
je_0dC12gOs,483048
RdyeDDJLTAM,483456
HBfEf9MsRr4,484180
FO6dRbQMPPw,485160
Qi7t_g5QObs,486952
8gHURYmTzFs,487735
2pVHOaT9CZ4,487769
OTVF8zFIyyQ,488461
MyEqfBkzESU,488652
JwivtxQEmc8,489735
QLUXGKtRaEs,490252
LFxjwBfFIiY,490458
SCnVbXlC1Ds,490925
hph2mamrzfE,490949
9XaUPRA6ZAI,496051
yDo3Ketyb3w,498696
O8nZrqbHwaA,499023
2eoEctPNGNw,499437
kVWj8lgQvsE,500676
e5IRkF20JmU,501650
YpnV0M6XTc8,502916
AcZBI8UaMso,505846
y5MKhfqMHX8,506576
l1DTeah8YAs,507731
5SkwvwSydmk,508376
w_Cf-LT0Ajk,508550
og77pfVFJTs,508797
ZzO3DCW4LXw,509784
DVWxQvlgRrM,511990
fAAAZqFmDfA,512974
UXm1xHECZu0,514125
PUvVjWR3zTQ,514389
HL1LiSiBPMo,514403
DhwwTxTh5To,514603
aQzai9oXb-g,514740
RGGyTO-VlUs,514873
XQ0sKCp_NZA,515277
GCTyFp0PpHE,518377
NclJj1h_MW4,518455
Yg83DR3qIPM,518580
qT6KNyLEV24,518687
VSKuhdmYkUU,518852
nah07N01UF0,519080
7tm6bhXE5mQ,519837
e7WSwRVKwBo,520704
dAyg7C2-mjQ,522173
v_Gdg-fEz6k,522346
f3uZxD39awA,523106
geeTiovdXLQ,523216
PSqcvmLE0ek,524783
T3zm1_JSPOQ,525887
Geg4yDxZZDs,526078
0NWKUHl6JLY,526710
Ox-DSihhpBM,527285
n0h0q0zmYHY,528130
ERyfRmz0N-w,528163
09lz1fRBBsY,530206
A9R5tJPbcKI,530315
hEUj5Lbb9BY,530921
R4EvoDEmqzY,530990
IHy6iXcj004,533207
y-CvcTfcllk,535182
SWcdQ-6TKmI,536460
KIEVOMxKWxc,537124
A9k89DYdHKQ,537822
mdY3XDGtVnk,538762
ifkRhaEDzzo,538885
KdfCcEnJDlY,540998
Wff1pf2EdS4,542216
KdBGLKvISJQ,542519
gEn3wcpNsg8,542622
BLOIU9DpLq4,543067
rKH3G023Xfw,543623
iB_XgqdeU1o,545235
oYL6kldXWkg,545636
aP0izmLk-Q8,546929
MwdYpMS8s28,548547
2b5szHlQI_A,549193
w4SSZQDFuc8,549313
MLFQxVOvan4,549560
H0uvmD8CSxs,550292
bwi9BNyKTcU,554130
yZhoHsgJlEo,554551
_Oht6ZNXx7I,554883
XKrV_JqZX1Q,557639
KQT32vW61eI,557726
2lCW-iaOZ_M,557877
4OiHwMtKwis,557993
FB64ez0kf1c,558689
0JcNT6jYGwI,559159
mebZJFd8_Vw,562408
k_aT3jAK_QU,565283
-SIp6xSP7ds,566345
IpjK885tG2c,566505
uCNXhk4jFXY,566922
6TOSV3-7hzU,570451
e7b5hbWvWEQ,570602
DSAsdcDIYgw,571188
80T59B2RVOo,571647
nuKhpdLgR2U,572015
S0NMTuz9Duo,575173
AmXb2s1_UWo,575233
ewm0y9nL--Q,575352
vIVaLtJmyPs,576089
QBOzHhuTzvw,576139
pspGtXW0QYo,576167
BCGt31FpN5c,576780
494VkPnSvJk,578717
OPtomB--3Ss,579019
KzNK1-mH2Xw,579046
nc6pLSQGcHQ,580038
XMAMyhK-CHg,580314
w2A8q3XIhu0,580538
Yedbkvwm2rY,580649
a9esk9m9PqQ,583416
t8a8EFMAuSU,583735
p09c0MXDxto,583816
v0TiqC_C8wI,584618
7WbdxpZ6Khc,586562
VEf7dupxbRg,588153
KB_GCuJwPE4,588984
YJ25apqV-C8,590126
94n19Cp2O2o,590282
fQjGRb4-IQM,591053
GWoOLpf9G_A,594141
ya6CQrFacIY,596505
-i1_jpjmdJE,598735
1KVBFtSuCm0,601175
TX0UsGn0GPc,601830
gLOxQxMnEz8,602029
bGW2eZGnznk,607226
4hrrK3rXrR0,607283
4YFo4bdMO8Q,607552
QODABIgXtCM,607885
MICQb4QW448,607969
ZurW-Uc6Lc0,612048
lq0WUudJiSM,612091
DkXD5949qqQ,612123
CWrjDoEBQsw,612653
iRinktgcrcw,613781
IZMkv8_w1yI,614095
qEEtzzi1EII,614570
yjV4PIDJVHg,617479
tNoMQSvNAWE,618333
Mv-CJ44KbW4,618336
tnCbI51JpAM,618370
QFfEtKvXMAs,618861
6UcGyTD8twE,621467
U0yo2XqufgU,624406
YfOHh5mt9SM,625030
XYl_Zr8nvBo,625192
nIwCVaYR-HU,627388
-CCw4ZzOGlI,628134
PHWAZNkqwN4,630483
AvFNCNOyZeE,630508
PpElRBQ-yGc,630957
QerVvvNem1w,632993
ZKw1m2yr6Wk,633154
xyXscDJSHD0,634302
lTyDsnDq66A,635192
fRQfrB6klX0,635403
ByucbuSe958,636653
lp_bsz_4e3U,637028
IP6zLZmVnfo,637101
VquESKGqsDI,637503
Mdm8rpv045U,639571
7pLdjf2NSiU,640204
35aEjj8C4Cg,640971
rp2I4P6bEYA,641465
DfxhWPvhFCQ,642908
ma8te7ywEio,644097
wppAQ8uZpfQ,644576
uSDRtVGLcWc,646278
SQmOaJciI7Q,646792
u_OO9taOvG8,647098
ZANqw73F9Pw,648868
9vDdx1dba6c,649105
z0iTGgVhPKE,650530
rx2qG_YMrDs,651446
XspEs1x9cPU,652407
r63VBOagGAo,653114
_DiGQRaaHvg,655028
nVTNrp1RuEI,655459
7HIt7pA4WqY,656301
Fh3zmz7Ravw,656687
kdzSkAEFJKA,658476
L_Ko2895D2E,658476
-Gptp_ui-Sg,658805
IIS1M7m9tw8,659564
QKn9yiLVlMM,660849
bye513KciIk,661254
nrB7aqfRzyE,661738
oVruAfu53z4,662034
Ecd4eA067P0,664839
0RxhuBwCwMs,665386
XymR5UCxSfA,665951
VVoePRCvENk,669003
SDGHRQyZKes,669789
qPpUaeChvuY,671419
xq9FgX_mXiE,671425
mMHT2vdWvpg,673099
YR5qurEje5Y,675225
DnSO5Uhobvo,676095
3RdLd4imW6U,676133
Uy5ATBR15yw,676464
jj6ibow2tdw,678185
o6XERmXsP-U,679104
QgaYsdnOMiM,680853
caIFNg_JRL4,681088
d6YkGejS6IM,681434
ls31TkGSQGA,682131
pVypbknP4A8,682546
44W9qstI8H8,682590
Ew-3-8itpjc,684718
YsXK7vGLoTA,689695
CbCVIrOK2qM,690031
0DpCDxoj_Xg,690533
xmxEuQXTHUU,691618
WhLvS5GTK3E,694643
lOT0GOyw2pY,695072
g4ELX7LyXDw,696271
FvedKSaHCBQ,696357
FA2k2U_pEcw,698538
i-G1hy73Mb8,698827
nnrkPRApQg8,699217
2YVMusIxisY,699507
I2kAkhboAn8,700973
pykyNOEVqCU,701024
aaOB-ErYq6Y,701322
yyROtEW9Jdc,702494
-8X32zNup1o,704552
exYLX9xGoyo,705232
PdWe5ULGy_s,707051
WLagbArQsuE,707605
Gz8KNxufA_c,708233
YZrtSdRS3cs,708348
k_JTFUEp7mw,711324
BHloD113J54,714737
payPzC_QHRw,716500
W7oeROkyPgs,716851
qgGooEyeNNc,717049
NsJkUfrqLzY,719940
X9VlCV1ZflQ,720322
UwdLlnPaRAU,721001
vVoxIgwdppE,721890
1qsRU7C_Gp0,722366
jgshHi6XjJ0,726260
DpSWgZVIfi8,727532
k2p9gsjcfQY,728006
8HON4AswPVk,731007
cZ2KJtiNZ0U,731272
_YCGFLhrMkk,734688
CHXD9k19q1Y,734995
yzJtC835sio,735486
Oqca3fl0GEQ,739844
Lu7a7zKbJo0,740784
B-t4bU3-lHA,740854
RrhSJzM8NLE,740971
goR0ki9OUts,741729
i3Cyofu6hLE,741934
s2zlBSsumeI,745860
aXWfL-1ieuE,745912
5ZVyvY9dySg,747093
-GvVeT7pNT8,747200
F1b5ouja_VI,747604
T-f34TPnngQ,749988
-A9rYcBmBFo,750136
OXZQ5DfSAAc,750287
vHCvmZlC5jQ,751858
nX5k7QxYJdQ,752731
XIZmIl9SsXk,753170
rplCCSqWXIY,754143
li6f_0x0IGE,759853
uaa5x5UwF6Q,760112
-xxfT301Ii8,761744
n1PrGpIekYY,762622
7uzjz51S--M,764771
pA5NbgdpRpk,764775
ggpoZyF2lU0,767146
9pbCuFxRuqs,767436
LPsRp7uUXUk,768222
Hw2e2XS9Wmc,769047
Sqbv7cCM5AI,769315
S_1SwS7Jj-Y,769705
Tp_hNsBjXQA,770135
2AAUadR6Hjw,770714
14G7Qw5DC9M,772049
B4WBB8gAwTE,772099
TxY10VhmLR4,773025
eqMC2qENv1c,774572
p3r_puQXbJA,774817
hq1ijbMabsM,774849
X5DWRXTOUD0,776168
MYnpO03crr8,776998
zUDcGDK_bRw,778269
0W86V2KcqiU,778276
aXPCtdRxnGY,778630
t6Bi_0q_17Y,779273
6mDsa-AqNcQ,780934
BmMuLuG1yW8,781858
CdE2zc4qsDs,782198
P6K9Y6FWo74,784803
0gwkMY-mzUQ,786404
dGaX8AuGiuk,786787
XAcjj16GMR4,786869
iWFgvbf_Zu8,787002
efNXlVeeLIw,787340
m1sdAmSq4vs,787814
m2i_SLAQPpU,789498
exwdh57hGCI,790117
h208HbsyTzs,790918
XJiCE88hOmM,791920
GFMyMxMYDNk,795148
wa5eXqjEewE,797314
0nybdPCuvRI,798144
cIQKKzZtWwQ,799725
KxywNVLAf5o,802483
WB8ozD7l02w,803236
FwzoDS3zL_4,804049
8I_NkJ8VTEI,804935
0O2IAz1E9Ts,806361
GfxNGjfSKRY,807683
1cUUfMeOijg,811112
08qd-vsHbaY,812144
IMwganRtaPM,813101
BqxqG8IM-TQ,814295
Yo0RvZZz_ds,815125
WxAxIy1DzXE,816096
svZScJMh4Pg,818174
dtER80sOjX4,818772
KrxDhokzEv4,819723
VQhvtVJvcdg,820488
WnMv6-XTROY,821423
CXK3OiDgymo,827155
ibI5-k5sin8,830143
nSSXvOidHeg,830738
_4LsQ_kdLh0,832215
6QtjdDiMLVg,837247
PoNWU2cox9w,838340
EFNeulNdfRI,838640
FIFLT8iTyJk,838986
DfYRIN3U3SU,840784
WZEFya56qPw,842661
eNbKd0cABD0,842736
aCYf-NK3pxQ,843579
DlU4ZSU2xzg,845441
JvVYL7s-HMc,846012
3TPY4TKo6uQ,846693
hH-wCe5oAv8,851015
c_y2xNUu2aU,851838
pzPtlmzwajA,853030
d1hs-JI_yBE,853173
IORxFXptCWw,853834
QJb9-ri3cLs,853875
LHUKKrcXfJs,854627
JSXKDi3gi3g,856166
elmet3x4AeI,860160
_zhR6d6LDzM,860499
BsfhHKx6ajA,861532
4DQ-2tDzJxw,863398
JhvwFB-NUbA,863560
6h8QgZF5Qu4,864189
jH2t4Tcl3Pg,866181
fHc-O9MBGnw,872865
rog8VV2A2bY,873113
FHl0nIdbiLA,873230
BrlpU99lGzI,875306
ZlPgrJFMFYY,875695
9r6NI9m_IxM,876916
N-XXZ01aWvw,880154
M84oouivF7k,880824
akNs04ef_Co,881505
MmPPxQnaGDY,884415
o8lSb-UOA3M,884786
PcuRZ3WACBU,884833
H95362B0YOg,890161
d6wJfdfFnYY,892247
dHDn26UX4aw,893409
wLWlmJABZOg,893890
Uk44LId1RIc,893992
NzrQg6TMd6c,898989
NsGrfU5buKc,904915
oSS6kGWNEeA,906417
IiRmtBZu0pM,907719
jMf16G4kZUo,908717
pvxIoue1Qpw,909085
EsdjC5dsOTM,909308
CW_UQL2gm7w,911394
idD1C2-ISlo,912815
k9PdgjmQcKI,913634
1cgK-BIrXes,916104
enq2P7ltPBk,919136
Zlj7SUy4CcQ,920330
iXfHlch1Lso,922816
7ej6uL4kjHM,923989
UuGl1BVCr1Q,928963
Y99Wj-NStok,929926
kP3xrSPYi-0,931770
yNOAs3poxMw,933253
36DAv_m8Mlw,933283
hNsd-m30m2E,933797
v1OhsiZjpww,934082
0Np4K_PAfnI,936825
Mr8fVT_Ds4Q,938147
c84hT_DseRg,938244
INHVfx05Sy8,939212
H08xgoXkpa8,939527
3p-lyt78cyA,940627
jNStfcyNrOI,941709
J1QKJxYsZMQ,942321
GiEuzWc62V4,942463
wxe8weq5RtU,944671
o9zRQijCN5w,944726
7Usr96nwjqI,946562
90IJanuV_0M,949695
tJFk9dPdxO0,952714
PUcS24GuAog,953238
gXg2_yExgVY,954230
alRtHXnZMOI,954825
IdyXKJ8NcNI,956440
SJsvPv5Q_oY,959368
BR4aMnZMwic,959750
gd0bB-5X4o0,959841
dbMtuJ1tZnc,962532
6_DgXvcfhYg,962671
HjoJqZDjxgI,963680
akohTFyGu88,965376
eQVhAN7-IAw,965593
pwj_SZHqiSc,967548
IC_lnyn2R2Q,967640
mwgUesU1pz4,968539
kZkIDiw0jDU,970237
15aTCG3as6Q,971601
fABSffnIhrk,973471
eljAjPH6zQI,978232
xSMA4LZESY0,979968
oQGA42-U0Ro,980256
v0xBdIyNijk,982290
k1cA-Wh3Tc0,985989
IPgdIHV_zMo,986201
xNNxGzBfZ2k,986267
7FM_MfpYOLU,987735
G1Ky9-OoWyo,988435
2dls8iCoQTI,988788
bYXM3uz1bjM,990904
hpapqEeb36k,991224
TVARgV7H4xw,992009
k-UAk-kp7q0,992666
PcYhtiJneHg,993486
hLljd8pfiFg,994928
icyhX6PjKjM,995001
fMbuWa-OdN8,995222
d7gOtEwaJzw,997078
Cyf1eXYE9Bw,1001459
8pffcngJJq0,1002079
I5X3vC-XsU0,1004309
ejlD0Sg-8ig,1005215
TOeWI-HClI8,1007094
QNNcl2mEHzQ,1008315
Ob48twC1yf8,1008632
6HZ-nfMfu8o,1008837
rWHrWuDnReM,1008863
-crLmRLgeNE,1009304
v4DFeT9z7yY,1011961
L9hwGZFPSmw,1012972
oQxKEtoHygY,1012986
3XklsSF53pc,1014570
HPc8QMycGno,1015382
hU_oxkN9wsw,1018300
ypcmAXSKrLQ,1019083
0oXu0XfXYYE,1020294
wYQcU5VXde8,1026139
qzt7JvsYIuI,1029600
JqA6TZW9-0w,1030553
zMV51hydg8E,1031151
eeBMQpzoEXQ,1031262
8h7cnLWQKtM,1031470
QpFcf7uBacI,1031633
p5HH2UfZ2wE,1036313
jOTLVy7kgXA,1042921
-jWIDwq44ZI,1045948
h0zMjd5ZAJ4,1047192
l7VfDVVxiMM,1048317
PkRo5l8679g,1050017
mHhZ9jk-DrU,1050937
lJFqvRwOiis,1051339
676hNIhKO2M,1053402
ao_CJr7-NR4,1054267
N1MZRowhMtc,1056924
DrApVH3afMI,1057019
VhMW87avFIM,1058658
6zRtrLBg3vk,1060809
fsoyuZDgkxM,1065613
C59j0Rmucss,1067349
cosN6ilQ5u0,1069666
p9RLCdyn_40,1070142
P4YJwy_T9pM,1071286
zbGSbZXzvqw,1071689
YHdOh90kGHQ,1073102
UHh6kJ-HWYw,1075976
5ELQ6u_5YYM,1076928
kr1BBxXXj48,1078279
8gFGhT5GpAs,1086201
lYN26wt1lJQ,1091470
J3ue35ago3Y,1092165
rnhlTS8RgUM,1092582
upIaeqJEA2I,1092715
d3h_uD-5d7A,1094075
ObRqWRfC5rA,1095311
L_SyKf-ETlY,1095765
VA7Y_Psp5l4,1095787
7zLzYiw1wdQ,1098041
_4_V7ZGCYDE,1098131
G5V0rsKkMDo,1100221
y4bAULTwAJU,1102306
SupFJHdlVGc,1102522
tml1mo26jmw,1105217
gx3S73InQ04,1108692
23ILq4uxd-w,1113240
VM-g_bkFdzo,1113267
fOfIObhGMe0,1121265
JBw1nwYJESc,1123725
maAa7J3iEM8,1129129
tAn7wxn2Atk,1133283
tw6pCt1yeJE,1134566
cVdnrt6HCh0,1136925
p4HrpCPquk4,1137918
ElKPnh0Q8pU,1138385
OPHbqY9LHCs,1138583
d8GHT9nK66Y,1140558
cIriwVhRPVA,1141907
tfaGleA4qYo,1142732
PCVtE3wRNPg,1146812
7-T08gSQmxk,1148340
D04ogdPt4EY,1151785
z4bLKt9k5dk,1152016
QRyzwPzxpcs,1152245
vht9VHo8r5c,1153057
4JGWxG-vE24,1153104
AfC2pHj0VZA,1153803
HjnwaagBigA,1154891
fS2fsa1fuIw,1155420
sECcOTO8Ij4,1155926
5deYJLWFplc,1159979
byGeEw9tRh8,1160123
D3V0aw-ljEg,1160731
8B2esiq24Hg,1162609
XvondF0gfro,1162896
Da2crn5NXc4,1162900
-N5eucPMTTc,1164201
kMRe5A215xs,1171850
eEdPnm-AZ94,1172315
xzpQSINtLkw,1173586
rwYd2kIZxk4,1175958
tJLtDRrimAs,1182368
AumaWl0TNBo,1182775
KFHru5tiDng,1182857
th2lhZ7VeVk,1184223
eqVHah0f-1c,1184870
oSumNo-j-oc,1188853
iDXlWTRyxgE,1189325
LjNhW2mR1lM,1189445
twjTkBN3Q9A,1192068
TUUUh-51t1k,1193969
bFbOHqCpeFs,1194803
LF-1zy8VII4,1200905
dsNNfiA6qjs,1203368
Zz_JEN74evU,1207630
ozbnTScWups,1208568
GRwmtpr79qE,1210049
PPCDMi5xmmk,1210329
NMFnVfsNf5Y,1215931
A_Z3AokMwWI,1216539
8KT1UCsOE74,1218654
UWl2fVxb-Mc,1219133
qOioqgPyCwE,1223231
ziLWPlVN0MM,1224477
U1MzkfRLveA,1226994
44szOPIixaU,1226998
2B85lYenaxE,1228927
K6xwB8Kkce0,1230259
RQm0nKoODo4,1230449
WrcwcMIYpQg,1230509
meLOY29qarc,1233661
NHEaYbDWyQE,1246175
yOqT0Bk-A_Y,1246642
cWGWYAhLuAQ,1247687
RUCXD3_wW2w,1250529
PFDElc5sfSM,1250558
WyWqEFeKX2E,1254170
_zu53yAoTJE,1256086
UVaeRX9LybU,1256322
_wVB6pfWwnE,1257023
iaL3EEWspLo,1261570
hkFYWyy9Jek,1261678
STEUAcTmXTg,1262612
jYuQzAxBVZU,1270251
rG7fLWcvv-4,1270751
8kFnLQySIzU,1273520
X-5yy4ETxlQ,1277694
nOQxBSp563M,1281445
dhF3Y7esoWM,1283358
VTVLcK2zybM,1284065
MXzEbAv0QN0,1284910
AHwZBYCwxPY,1285088
4W_YgNW7gs0,1288916
aq-phmpUJ_E,1291512
mbsSCJEP7oo,1292816
GcbsIv3QdFs,1292991
61SWGdZ2p2M,1296219
qpAo_XvCQaQ,1301301
IX3_Aqji4yE,1301467
FtX7GY_iPok,1305358
Nw-BMNnr1Ko,1315966
vLVSf_yI_r8,1322154
qJKgfOUUrZo,1325784
EpW_OEuHNX8,1331716
-mNlASb89Wo,1338389
m-Q0Ng61bT4,1342248
pO481doRObY,1343386
137EH-5jNLI,1346522
LFhT6H6pRWg,1348067
pkJtiVCMXVg,1352472
8KgiaRPxRnQ,1354047
FOLQlEh1D20,1356534
DX5_o-mumvE,1356625
bNcj9iR956M,1358775
qaSOyhK3gTM,1363377
_KEN-cxmGw8,1363409
5R2ZZ-t8XS0,1369201
oqvGFqR2h4w,1369908
f_jTeuajas0,1371079
pDi7cezk9CA,1373069
Iiukq_ilT0Y,1378098
Wzvr_rtI82w,1382009
O02MnrL_wrc,1383568
tQR5G3kvfNQ,1384644
c0arVTRwytA,1385396
OZqsFkJpvj0,1388010
zT7VEhfezn8,1391768
0-VAnh7r-_8,1392609
JFmkRNbDF70,1394264
Uv1xscwDtIQ,1397537
CMzzImAolMc,1398617
bVU-MmJZFFA,1402868
CmO2143BzYA,1404525
OKA-3wsJTs4,1405825
4HOxZEdicuk,1407724
Cd8UxUlqaZ8,1408369
oaU82_uGTQg,1413409
sun1x0ANt-Y,1415969
9S9O2T1B6xE,1416396
TYVD7XzW55I,1417314
sZcuF1T4Vxw,1419347
b_lULj6v804,1419843
II-OP6vdMs8,1423550
EC5UCCnk59c,1426823
jdH2Sy-BlNE,1430487
fsT5SyBLlIg,1431319
ixNNLvyCn5Y,1437894
_1mIPOYZzfo,1438540
VZsBRynPXHY,1439346
Fjm81OPZbpU,1440858
m7b8hitvfoE,1441725
wH-by1ydBTM,1444402
sJWu8sMMh0U,1446213
zCot9TDoA-M,1447528
i7FgneNlM14,1450762
HtNWc1AIU20,1456733
2ATuTL5i0_c,1462803
nkWn5vKCZj4,1463583
YKKE-LX5FPE,1469966
GZeza5xTeuM,1472296
lb0Ymam2Za0,1473225
CgjAN_wgmiI,1475009
ZHBYGpAlNog,1476745
jb-To6qJcxU,1477244
X1VzzNbfPaM,1478117
kCkuuzDOKwE,1478168
av4QVqEMWyk,1479645
OtL1fEEtLaA,1486123
IP8k2xkhOdI,1492219
DHMBJ2do1XU,1496352
ouWuzQb9vNg,1497938
TWpt-ze_cYU,1498833
ING5Ygbqo_Y,1499550
kGOmPmILndU,1500067
oddXT5uaRb8,1508950
1Nu_oGucpDI,1516337
2VggEmXPnGw,1518753
e1YqueG2gtQ,1523432
R9YYmoJjBxI,1524420
oRSVrtKph_k,1524561
nlodY8nMw-A,1526415
_ckccU8ojRg,1527599
gKo7V7nxvqE,1532312
eEDZuFw34YM,1538347
NKin_i1pcFA,1539966
0GQmGOju6CE,1540207
zUelEgXDHa8,1540401
TDlHElwoKLY,1545132
VsRot0p7ObY,1546831
rgqU0MbRLDo,1546842
NBOT5jigRy4,1549690
chjObfl72xQ,1551558
7LNTrcguDaw,1551905
Oyf5o1zWMd0,1552678
4cucHc2vef4,1553813
lYEj9snU838,1556796
8l_e6bx8UG8,1556912
73_OWzBr8Fo,1557498
ZKg3jKEbgqs,1558578
FvBcYkY7ZGo,1563120
24-AhdoN_Nk,1564193
af6L1jBZGYA,1567140
OTHHeIAYfuU,1571008
EEIP1YpFXrE,1572691
H78P-eAvWqg,1573791
fTK0hhBiCgA,1579758
510KQ_LXGww,1583680
uIzhXFnhURQ,1584205
lR-oJvKJyUY,1584801
KI9e5T8X4DQ,1586337
r17fqELkv7g,1586946
dfeEwt5_jsQ,1590689
tkhbOc-jZ6c,1595758
CWAX-tiepMo,1597322
M6LTqtYKDtI,1602184
o31pGcwUmCM,1608675
2vPw8QbzFTo,1613530
iPf_ifCKftc,1615785
Bzu4G8uZs-4,1617680
-l6wrTvMcbY,1618827
5qxqo2CQakA,1627118
wjOK-U2GhIs,1627330
HszBf-CJeVE,1629213
zVVrfqwA5lQ,1630365
GnevZOMl78I,1637463
k3zmNrf0Eog,1640847
MNcssFQTO9o,1641198
6J-D86wfxiE,1650492
caCdf94Blfw,1650959
vAmnAXNVRrE,1650995
s12qaVEyW14,1652338
EfypiGi3K-I,1658884
NAirxs9Io4k,1659512
VtZV_rFnI-4,1669936
jpStWV2GHF4,1669936
S3VZxB_iNoA,1672605
aRsOBFhNjVM,1674134
qu-biRtYEcU,1674208
nCWKrEA4FBw,1674907
QF031DwMffQ,1676342
iNf6VErGDLI,1677111
GKPIae1_LYw,1677359
l3xmc0pzzJI,1681425
tiH07VpwSLY,1683838
yJqsPBWbtjk,1684193
hSvnepZS26s,1684504
BZt0qjTWNhw,1685609
QOksZ8VogRw,1687541
tIWpr3tHzII,1688804
mCx26FLXWuI,1689382
BFZz8wHL2a4,1700526
6hhNXHojemc,1701922
4oYYVrEFWE8,1702293
CZ7KRUYQyKE,1704991
JtIY1Naxg0M,1709880
wGxT2tg4It0,1717319
JRAOdRq-1lw,1727872
kCwMARo94QY,1731217
sIbv19R2rfY,1739987
z4dH6hEMuwk,1743819
nFpEuUY-zQ0,1747801
Kd1xVG6f2No,1755108
-43MBOJnVks,1758599
94k6kEVGZzg,1759634
yOOiVK31h7g,1763271
XkVwqEdYlNA,1765356
Ja_GMU7-sjs,1767441
-5aaJJQFvOg,1770509
ZOBvRs4btvE,1771884
Xz3GEsF-VKA,1772309
3s1rvMFUweQ,1776127
9CO6M2HsoIA,1780493
oR_e9y-bka0,1781122
p5N6tFob_Rw,1781662
uRP4nAGMYCY,1781913
WeyLEe1T0yo,1789569
REbjfHF0N0s,1794588
cL5oCP0VIEI,1796323
nSuregWhlWk,1796545
xIZPbhq37WQ,1798530
k3uh0MJeypI,1802608
9yDNAc8YS9c,1805396
A5TPOKoE1_M,1806199
__1SjDrSMik,1807024
E-8e0cqUGTw,1808997
zUofr5WcdSM,1809424
M-E5wDgptQA,1810704
BYF2tfdD1fA,1813786
4KtBBzHWmTI,1816550
Ff7wbSwTuEk,1818053
LmOPXhFensg,1820239
zTIoErJmsp4,1824925
XP32nDUMYS8,1832031
B7AjF4of300,1834484
DIU3xPdhCBI,1842403
szaJ5aW-LUs,1848816
7KPcfdbVTic,1851082
bI31WqFDxNs,1851372
54BVvP7zvDQ,1856381
4FBqT80fVKY,1860672
Vm_CmfA5gRI,1867270
3v0c6smpHSk,1871106
RECFTvCXhPk,1873725
18RqtFuaNe8,1877518
a8gzChJsvEo,1878977
XAzqBDFs418,1880789
ao7JzzfIqVE,1881374
UwItKU4CxMQ,1887155
L8IYPnnsYJw,1905347
j7WlcSwe8Ws,1907912
lwzfPL-rJqA,1911317
7IS-wPfdIG8,1911551
cq6wjjN73Q0,1915105
RL1e5ZyVUkU,1919068
x-R19oA1m8w,1920092
N7HFXgyTya0,1928358
IKomhXgz6Io,1937795
RP3UsFrDJfY,1938197
uKxWP56VStM,1939400
7a6irhXRudo,1939634
HEVonh8bjC0,1941790
itE8Cd85-QM,1943930
GpEuHHMy-Z8,1946547
YGXiVHTy0JE,1948382
_t0LX_Of33U,1948688
dyBFAX4SDEc,1952508
iqsQ0KHImrU,1960852
Bu2Djx2ejlA,1961295
jjNf6SolPvU,1963752
7SAisWFutbw,1966578
kh3yIsFuPRw,1967065
KisKKE6zIk0,1968984
HyNJ3UrGk_I,1978041
IkV5VpEROW0,1984047
8XBLuU_4Qgo,1990055
YtKap-E0OGM,2004311
YFHHGETsxkE,2005280
-mZZAvIHMvQ,2007659
-z2EqJTyAiU,2008876
m4-sL1r9i1I,2012383
hFFn8K2O4po,2017888
colIbxVLUrA,2022094
MnK9_fWPT3Y,2030890
OHOkdEBpwDc,2038269
J-7FkW1Cuic,2044478
zXV4Sgeyr2c,2045157
r5g85U5lJso,2065373
hcCCe_R8e9U,2068116
xIZYxqqpjJQ,2069643
ZxD3o-9H1lY,2080614
5nEogChRGE8,2080718
D0aAYfRBVik,2081899
cJ1zhq3yNBM,2082499
m6qubM54PtE,2084432
IDpWeURKkbI,2085778
Xo8FPXlI3CU,2091614
h_67XloYXTc,2092066
yN0O8UaTnRA,2096196
yHHnywiSwIE,2119956
MjdpR-TY6QU,2120634
yvYeAdcM2Ss,2129493
1XsKiDXWtyE,2133127
c5_LROaHGtw,2142320
GEsK9GudV2M,2142751
M1fKcktiPuk,2146828
X-QSZhh_YWg,2151076
PAQjrGGhoUA,2160045
Pl9oc13p534,2161318
ve3oQBjcAGI,2161978
lERhNXw6FaQ,2166880
wV8HedOp17k,2166914
YJcergNiMDQ,2173809
f_lDdj755PA,2175530
gIsDpBMXbLo,2179020
M0X3jVSVzao,2180731
iIaVdlcDRA0,2181378
fupYIggOq38,2186681
LAQRtjvtQRo,2189861
r03V9OEJlgg,2193629
R9q5lBy2w1E,2194222
1zNr8Pf1QkY,2198480
2nshBD9EbxE,2198783
3uGIEY7tdg8,2199149
_H1vcldAsP0,2200854
wswvNZveNHc,2201784
6tiphMs-dCY,2208478
evhLzq7Gsak,2209067
c47kn_Y4y8A,2212468
mRo6MnXObuE,2215553
ir0G79oHXMc,2216288
gbRijjvIeyk,2224539
GxYimeaoea0,2228345
t1v0BgiYgHE,2235685
e1bEWoblGZA,2239356
8b6IQQMRYCA,2242830
gsKjJRSmYio,2252559
TQ2uDO5CbYg,2255227
UEhsFEgsI5U,2255796
E9pIhue2lSU,2255825
dhFM8akm9a4,2260309
-kxPDAiuijo,2265310
5n9xafjynJA,2266117
Xg_4tbLnIOc,2274296
QsSxRElRe1I,2276396
t9QxlDaI3Y4,2290941
csCCdQLqcVY,2291800
PJBmeqpw3DY,2295021
Z5ze4CUAkE8,2295938
wrpeEitIEpA,2301015
IMQCrDQWcvQ,2301406
2Nlo2ekTRvI,2303131
Zo_mpwmashg,2308894
hu_4yAZVNsU,2310736
p55AlBd8XDU,2312478
izyX4qtsVew,2318870
BnANUza_uXQ,2323244
kjaHhduqS5o,2331462
tr1Loa7r7sY,2336280
bTE_EEuVRe0,2337779
tTlxjhG7SOI,2340970
GWMKelv5Bmw,2345227
_lu_Hgw60Ns,2358886
2MiQonPvlVM,2361405
SlbY1tGARUA,2362958
v9ea5VDQfXg,2364433
1sl5KJ69qiA,2368985
aCAhbjLKkt4,2378309
NHrwcQQ38bA,2382933
IAWI6nMQhQI,2387108
2kCbFmjEi6A,2413851
N9OpxDiCfbM,2414100
zQYarS9LYgk,2414311
gUWDiXBNohY,2419996
2kpJ4GbVvNc,2428403
8mCcM-PUmLM,2434870
gWV7JIxFcbY,2452211
hYc95vB-nT4,2455913
ckS1F3mJzb0,2458004
UhZ56rcWwRQ,2458345
prmQgSpV3fA,2460996
1gSu12JpKP8,2463668
IQYLPEuAClo,2464874
rP3UngLFou4,2477491
xG0HmKgwo0c,2481213
sHupIDugAD8,2482831
qc_z4a00cCQ,2496894
Htu3va7yDMg,2508936
6Km34EXxGZ4,2510689
H-WEhug-up8,2514066
b4vTZx_AtHk,2516401
Ymt4lpzv62g,2523395
SFKPktgfQdI,2524744
Sy3ERg7OCWo,2536670
UbmGPOHJYpA,2537214
RlSzahonkTk,2537478
8Y4eFnLRIzI,2539688
HZzeieUGyA4,2539879
BspHjvU11y4,2543999
8mBHDHIb-kM,2544874
Zh4c5IrllBg,2552879
Ev9rOA2Yjs0,2553605
fiGSDywrX1Y,2553871
CaE0JD1X12g,2561508
ijUK3z5rt5s,2569113
I6N-XuYllgA,2569307
vW7H-DKivX8,2570365
r2vDabFVj-A,2573166
y_WoOYybCro,2574791
yqulWPljawo,2578951
9Szts88zY4o,2580817
Xk_2NB0RIaA,2604269
PxJrWCSJfBk,2605329
r8FQ5wUYm9c,2608451
wYeMe6_ISKc,2613120
oSZDe6CrfN4,2616417
aJrCQypP4a0,2616726
TXHB9wL4WFg,2624150
QVoleJYgdM8,2636357
TM-gCW45YHc,2641454
6781x0TTSks,2643362
gaEPYljtIAw,2646329
hHaUQh6Gx-Q,2653229
noUH5aYUBx4,2654222
Yv_rod8-Ma0,2663507
Un8b0JDw0Bc,2665975
rYzLh2QuraQ,2667336
yef_HfQoBd8,2678626
UsXI9cvTb7E,2678985
IOuFE-6Awos,2684758
mriYyuDmB58,2687148
T1B1CxmAXLk,2694758
hOulcmOHCIQ,2701442
R_O5x0LNksM,2704906
MPhAEcLaiNs,2709257
S10azlzvS_8,2712840
lfIhBu0TZBs,2714429
6wGj89GE6aQ,2723351
hWLjYJ4BzvI,2730038
tEA_n4mmBok,2732822
RdMWIgZIPD8,2753967
5TTdcyRi-nw,2754268
MMGrzOu1amQ,2755329
PWwvR6cSH4o,2774358
soBb4X5Hb6k,2785672
UsciN7COX1g,2788033
y5SxNJSGDTw,2790005
yN7N0P2TxHQ,2797099
yl2GaxVGUaI,2827993
d72Ru3y4YJA,2830903
Ut7e-0X8lds,2834549
VYzDZ1qeKEc,2836772
Z1rZAT2GtmI,2836865
I2sRc3j7IU0,2840146
miY8hckQPwc,2849710
yEWb6bsd5lo,2857908
V6wWKNij_1M,2875637
ahSKGi_21xg,2881650
M2zrC1QF7Zo,2910486
BYG1qf3XJNM,2919799
_AsPY1bQx70,2924302
T1-k7VYwsHg,2927810
nrXlY6gzTTM,2931630
xe6o4ex7-YA,2935778
A8HLnDP6uRM,2935898
_0ovuLsnU1A,2941282
gjXrm2Q-te4,2943435
48qcnpCWBq0,2945748
MOP50VQBdCg,2968478
aMGQgC5yV-o,2971860
JpvC3j9Qxus,2975208
h0xHxZpNAHw,2981926
NJAtY43vsl8,2985521
uovntV3ZMDc,2991013
R8jVjBDcV4M,3009610
Q9vZHbcx6cQ,3010190
sm7_baYCIkQ,3020386
nUv22OHdjQU,3027431
HS6R2Q7eRdg,3038406
NVCqz2BDfcQ,3043598
eT9eWtb7C4c,3048748
6Y65fxIRs8Q,3052668
EbSOKsFHwU8,3052912
KHyvGmuvIoY,3063537
CzmIrPvIzxk,3073599
8z_cg5CypRc,3074263
dRvKm__GrqU,3074952
gEHCXl4J9Qo,3075265
ROzC9ZySGos,3078660
FxFF5bgG6xs,3087094
aKPz583WRpQ,3103457
dXt1ftcdxNg,3108264
3VbHg5fqBYw,3111226
o-nGPNn19vE,3115765
fzCct3j-pH8,3126660
11K013qpRR4,3128325
sjN-NGsRg9g,3133284
PzcaR1N0pTI,3141764
r15_6z9xryo,3151902
mkpINSUnDpA,3153709
QW8whgmyTNU,3158685
D_eZxSYRhco,3161413
bYpItS1jS3Y,3164547
nE_TyW-7F4Q,3165639
-bx_vG94LSo,3177766
QH9UE7FDbcM,3180906
5w1GdX44DHc,3184455
E60w-0q8Y0Y,3192494
mXiFHDfvn4A,3195356
aZUopuhqwCM,3199707
O5ROSS9ReUY,3203079
paxgKBUK4wQ,3207833
2HboMs0vbsE,3211941
sxvC647Yi0A,3212673
Z0vLiQLpsc8,3222946
yxfZBun1uBU,3244281
4WnizmrnJlk,3247265
fzmM0AB60QQ,3250746
pWqef6cbwzI,3264771
JcC5VGOx8I8,3265672
gegW-vR_UHo,3274628
zbyu6MOzpLE,3277326
FhwktRDG_aQ,3277760
89PKbJ2NAqc,3286636
qfZcxeqa1g4,3296614
p1DAEZNyJ8E,3296668
5NaAwSpswJE,3298489
cQp_C_Zrc3U,3314473
82QbMrg2HoI,3318466
8V08Gu1DOgE,3322130
z2GvJtzn41E,3326417
61G3tDZQNhg,3327423
R10qTLfwm8E,3333451
h4tcNcZ0MdY,3351239
ZJkc_C5-Cd8,3362428
QNzzJzdgUto,3368971
1ce456Nnkt8,3371368
J_QGZspO4gg,3371691
vbZbnpbVc0w,3380185
i0biqMZrxJ0,3384358
AtCLwYFRp4o,3396560
fiusxyygqGk,3407008
gNTIOZ3jJJo,3416477
6i9UUvxhAlY,3424000
44NYFvhXmW8,3426889
3wnHiK5sKgA,3433317
Q-oM2BQ8Jow,3443597
l3vbvF8bQfI,3445095
VQhIUzPJi8o,3447350
sn3Ct2_L4OA,3456835
rMFxV-l3qG0,3479682
Z4b6BPaO944,3484305
sFLTqo2emQ8,3485395
KZ_eXk5t0r0,3487437
zNs3AQOVeVs,3488652
aLt_4e6MthU,3489582
Ytzc6ehAvOM,3495806
giOZ3EAleeI,3504679
2pJlpCfueV0,3509600
G4MtkhJehhk,3514158
A8ScwhLh7uo,3515606
-XjayddbksQ,3534066
YXTzMOmmEfE,3535997
YL9sNrOlK-I,3554105
yKVAhDbSito,3571563
MEYmQlWBeAE,3582721
-BDImdAfodA,3592011
Ks6I2rtI4ms,3598569
sJGgV3p8JzY,3619058
sottGW1p5os,3621389
6uGQ_ypTw08,3631356
muAPJiMho2Y,3640031
ipuU0hHYiF4,3644542
guRbfQFddfg,3650713
41PTANtZFW0,3657305
nx1R-eHSkfM,3658155
eFjFxgHedgM,3660580
6S3phVSi0tI,3660625
I5uXtODq74w,3667425
97IfPfjSaDg,3683523
KQRq9FZqNj0,3691162
ElmsIGT85tI,3697105
xvmTr6S00Aw,3702093
mcsTWPSMDtg,3705832
tN8o_E_f9FQ,3714056
aHUmy5PvPjQ,3716247
Tfaq4UTH7P0,3731409
BJeCOo_CRyE,3740389
Q48VduIflPk,3741415
TjXQzRWmb_I,3750515
OAGfx7eB3gA,3763347
6IL4sMC_XBE,3763816
xXP9xBgTFv8,3763881
bNW6oR670s4,3776818
T8jBIVi6rrM,3781831
Zv7mc3TygO4,3790712
asaB53-M2uE,3793215
hiBPUpCJ7MQ,3793527
V0HCZ4YGqbw,3803572
HzILu6yyA20,3803817
2PH7dK6SLC8,3839019
zXHUHx4R9kI,3849649
zlAqizx7Lf0,3872861
l25AL0BdD6w,3877234
7Khl8D9RVvw,3886949
dx9mF1KJr0s,3893242
HKIIgYFhQlE,3905540
O8hm2Ml-pA8,3944660
MQIvV800Atk,3951704
MUcBkpwnKcE,3997980
NHglTopVlKQ,4000448
jp9hK-jY6yY,4028489
34cHO5_LX9g,4033320
eQ3gXtX3U7I,4053308
UvDJ-ZdHiSg,4069209
zkNzxsaCunU,4071266
wIimU5-UEPc,4080130
RHUxyXZBXY8,4083066
jLM2ibaRbrk,4110136
nranUeNkXpM,4136623
Oapebl0bADA,4139204
3TCcDE4fi4Y,4147634
AiyZ92_JZxA,4162540
YynKelHGhNc,4176506
h-6fIyaVmDM,4180960
iLZwZX39FXU,4191959
niviooakBLs,4207558
BsjQqm60ZEI,4210732
2kfIkm5qVsQ,4216642
uthHP6FoBmk,4221265
8pfXS-SwbTw,4249764
osGl1krYP-g,4265811
g5c1bk8weaQ,4274091
VsYmwBOYfW8,4281966
-xt_j2aIAkg,4288382
Xc4xYacTu-E,4292852
8BQqX3bUqtY,4294101
XcSMdhfKga4,4299666
JeRtUXTQ_aQ,4306445
lYATz3STgew,4325436
8iFGgfJiLsg,4329588
lpzJNwur6Zk,4336590
2UByqalCfnk,4375940
EdRmaKHqYJY,4407054
QM9xgHibvzM,4412274
-QPdRfqTnt4,4427381
f6Egj7ncOi8,4439763
GBTV5ekQwWw,4440991
92RkVMMvgAU,4496300
E4c7EE8_IX0,4506015
7Jz8wZbXuDA,4517468
xbRLc8kzNr4,4518268
GJTtiYMdMtk,4525244
kXIF2FQpgjM,4548677
ydPYNo8o-lI,4551982
tz23WFb8HM0,4584309
uK7JtrAog3U,4588792
MvIwx0JThsk,4591889
BmLSua7LPR8,4613299
za0qXbofvc0,4629859
0AUFyFEt35g,4645909
1l26UFQ06eQ,4649310
-7tSTUR7FG0,4651793
nSbzyEJ8X9E,4653335
PmUL6wMpMWw,4675996
Lj6Y6JCu-l4,4695504
T4FAg5A4wQk,4698799
FeRi86DcfyA,4700254
P6ODTQKhaXk,4704560
_7z85ipjSwA,4717173
QZL2NrrhjHY,4720264
1EC8lBwroOc,4728241
rTKaXaPIfG8,4729184
CPy0-J6pxKI,4731630
nhs0fuubs1I,4735620
Ifpq10K6zhs,4750957
2aQykuIaJVI,4756686
lrWRy9BBp-c,4757066
3N3c3ZX6hoM,4793484
IXNrHusLXoM,4796321
_7985zBEM3o,4797747
hsh54g9JmC0,4811392
ZcCp7488puc,4816820
0uJUW24505E,4838733
m6lY1GXTu5M,4846885
UqItlHUSN-4,4858143
L0xKz5TsYb0,4879951
Ek3aeUhHaFY,4881616
8hKbIhrb1WU,4884403
Ob4Nk6gz8Ec,4941139
eVoXmDdI6Qg,4983962
doP7xKdGOKs,4992055
pj6k-EFxqAI,5012688
oI42BohDabU,5026544
Zg165-mZ7x8,5038301
5uXsCaakZD8,5044197
A70B_LKyOrU,5050120
lRkTgVynmbM,5058767
f5I79eakR8E,5068654
_J7dEhYttbQ,5123814
lpkRFHSpvGI,5147621
qE-gdNIL8WI,5148427
37lXjnflt9M,5149084
T8lWjQRhQXY,5152446
QS8bma7LRX4,5156609
AOvCyD9bbDM,5246181
cVx9EFK3DWE,5255797
pFc6I0rgmgY,5261033
zVc-K1kKkVk,5275410
r1afdZk0qcI,5322710
VDndE432GpU,5337228
kD-_iyS95AQ,5356479
GKBI_bVFSfs,5362914
zX0AV6yxyrQ,5371857
z14A0Vblm0I,5374678
r-d5HI-zC3I,5419382
uBYzYji4rmE,5431961
vbiiik_T3Bo,5452917
m4faDISwSVo,5455878
xLtYmhj-0Kg,5484928
Wlnt6VrVUgc,5494956
mUYsp5baMXo,5517903
h3EJICKwITw,5529883
2fGXDFiFBhg,5539467
q2sI-T69sjs,5547578
bZs2ImrTg5w,5548248
pOEzjT-SED0,5554444
LxoGNkLpgZk,5572104
SbrOMrjhyvI,5587218
MctZLEYlU4s,5603180
ys2x8oOK7wE,5604640
guf1L6HmeOc,5617319
PaYvlVR_BEc,5621537
TZSVf-yD7N8,5643605
eZRmP-l3Nz0,5692404
v6yg4ImnYwA,5730531
fNVUTgd4pio,5736755
KUUjtUP2CrE,5752621
jG1JY0rt2Os,5801731
V-F7tpdPZ-E,5810628
gPHVLxm8U-0,5829270
2WHcBwq2wHc,5851780
900X9fDFLc4,5855069
BjRNY3u3bUw,5875934
Am6NHDbj6XA,5894832
6p-QzY5bxJ0,5905916
CG9yQ8PXf6o,5916361
mQ055hHdxbE,5948415
WR7cc5t7tv8,5967802
pcJo0tIWybY,6004782
fC8gutkCu1c,6009216
f1xIeTCgoFk,6023641
W4CB5SeBGkI,6044998
8LAoB0R4S5I,6052396
ptYSpR9cTHU,6057884
Ibp6KqGRVbY,6078793
cHB_s970Uyw,6083953
0URpDxIjZrQ,6095300
pisY6J2Ky6U,6101540
UfR5dKcKJvY,6102245
ceyU5UBumLU,6132079
7bPSxB-8__o,6132645
inZzcTXYowY,6155059
WapBwuNtUzQ,6155214
ItL6vcUrpUs,6164967
C_ijc7A5oAc,6210175
AbEHRrq7xwU,6230350
aMcjxSThD54,6289507
VQhjbCxOxdo,6298207
mctn16hLzhg,6319238
I7B0z_2EZmQ,6337564
me5ifeBFaFo,6355949
NNJKWVmK-GM,6362355
4AtOU0dDXv8,6379367
Y-iFgDK_D5s,6416920
scLYjsvrUMk,6426789
nlozE2m-NMc,6466047
WyuPSLj_6aw,6479552
uexk7jWXYmU,6503316
AenmqoozqoA,6519662
7iQn-toQp6A,6535720
IVzGsh0zRec,6543327
cMD63TwzB1o,6547510
B663R7kgxEA,6558768
lo57l5ZDgwU,6575631
i63jWjoAWHE,6597033
9S1Gc1nSXd4,6606758
86sFN_2kw5k,6630434
6sHIq41sI-w,6682726
aj8mN_7Apcw,6686262
l3uG4T8pJfw,6744540
v0RrsWK4GlY,6747924
4xN-jUfJAyM,6763128
k2NskGo6x40,6768765
vjSohj-Iclc,6791996
kgaO45SyaO4,6802437
vHwOMWGAg_o,6807013
BC19fhyTG_M,6924540
BEePFpC9qG8,6937924
4ughEPQGd8w,6943585
Wd_idMpg_qQ,6966384
P9Ijqa_2eu0,6984304
nsZvmFUXkrI,7070175
7R1N-8SoqcM,7075316
7PmUtmfTmbg,7089685
nVHcXZK7pKs,7123638
RNlQU-7y9Fo,7124076
NaY91YjVbEM,7172963
XGd1dq1BatM,7200827
leu-cTvMWTA,7201892
lMSHTnkVJVs,7268812
ABLsSWE06q4,7285185
nRafaCcfrcI,7301457
7bfS6seiLhk,7308023
EBYsx1QWF9A,7351946
R1TSiB9OuVM,7390059
CyzEtbG-sxY,7434919
gf7FV1i7lb8,7472536
O-fydBL9g_k,7490989
Q17z9a03YaM,7536395
K5xERXE7pxI,7540361
jSJr3dXZfcg,7590874
5iOhzJdDawE,7595900
pRN7UAGVzPE,7602365
TSA9VZduuZ4,7604626
HbaQ9xnoMGQ,7608552
J1L3nDC4mEk,7675202
UKserM-i0_A,7676068
efxiDBygvdg,7693735
CZkUNPBlJIQ,7701371
BgR_HJ7aGDY,7724919
V3EYjVPRClU,7742820
zvb2kBii-OU,7746670
J41qe-TM1DY,7800545
9flG5EqRPSc,7841325
2SJ0hgdciNE,7877471
jnQ4V-wajLY,7882139
rQWZK5U233s,7915595
igT1QKKm2GE,7916368
Jodbdj52Vc0,7917701
425M4M3Opkk,7919156
a7NJ6Gek9v4,7994101
sZoZryCb0P0,8025330
7AXo-bYGXI4,8136336
Kbj2Zss-5GY,8139750
Vm-avsAjrIo,8184869
mBrdEYW0Vno,8256930
Q1JiptOTxno,8287791
rNYduKIyEvA,8320357
f55HngFE9YM,8325207
PjqKPHZJgF0,8429354
nVzA1uWTydQ,8432344
rCnU-IDcnnI,8473680
wdQeKqYrhjU,8476656
ixxR3ZoqnF0,8484137
305ryPvU6A8,8486629
VXa16Zl81vE,8490391
lVNt1sUWyDU,8538481
9f5zD7ZSNpQ,8568571
cmc8q2dcIMs,8573471
PfLCyR6Efvw,8581199
tGRzz0oqgUE,8585663
n0j_CX1S2es,8597814
Qcj15vHJTtk,8607264
K0GRBMSCIK4,8623591
zxwfDlhJIpw,8626957
X6SaVOLRcF4,8656752
WlZu4RmD_oU,8673159
xuAH21DkJow,8679504
Jw1Y-zhQURU,8721841
0XuOkYlUWIs,8725060
2tDKp41nrw8,8753550
VloKUNlNG2s,8778432
Vm4Xn5vjqRA,8788929
8_rTIAOohas,8842980
8BAhwgjMvnM,8883305
zi_6oaQyckM,8903489
0aan7Vtcco0,8938666
fN5HV79_8B8,8968431
4HU6Z7anycw,8982414
axVvZrDz60k,9020432
Ml9v3wHLuWI,9057507
SphTGtDlhHw,9095192
E-u9uo0laA8,9137359
LgmxMuW6Fsc,9193290
vAh7jTAkCKc,9211780
T3hXC5yNZOc,9251221
GfCqMv--ncA,9297153
tJfDBSWYqU8,9358186
LjUXm0Zy_dk,9419910
VaGcPRMY5UM,9438274
E7q_wbbwGyU,9448387
7dGwk5-QMpc,9486589
FFsp5b4AUTE,9648943
u_C4onVrr8U,9657370
WAwRrtH-4Lg,9768052
CANm1UMAChY,9776804
lGEY8IulWiA,9782937
5E4ZBSInqUU,9995273
J3vav5Sfhrw,10029280
MFWF9dU5Zc0,10031591
XvIpLfV5GKo,10159399
HE8SYbMsm0E,10207428
k5TqNsr6YuQ,10233594
UaAHl_m_ybk,10257399
tNtcYIo6N04,10269107
ii3n7hYQOl4,10349746
cSp1dM2Vj48,10370273
o7iL2KzDh38,10470459
DSRSgMp5X1w,10505570
3rkXFyt7EXw,10589247
D18e8aU-UWs,10643045
jVXauWq9Hwg,10653177
rxmtHVSVjdo,10680181
Ku-WC1EaPXI,10782034
2BE4X3bYpxY,10796531
udm5jUA-2bs,10916709
jQNazsWnQKU,11240174
yzshoDMBkqE,11304442
dNW0B0HsvVs,11344490
M3mJkSqZbX4,11380346
y06RDyNXqbM,11395548
RF-Mqs2qC-M,11489427
rDl3gAJpm_4,11505443
i3cN9elJWvk,11548688
qUmfriZoMw0,11619692
jPEYpryMp2s,11683185
fRj34o4hN4I,11807992
TdyllLZeviY,11979805
8LPVjHxXvJM,12147267
3ChgRbqGi-E,12173614
5GHXEGz3PJg,12293782
wowAOdTYqw8,12332882
r1CMjQ0QJ1E,12340820
8OARiNiJ_w8,12344800
gZItyr1SNjU,12595519
SKV6h_5XFbk,12642523
D_6QmL6rExk,12709520
ox7RsX1Ee34,12730630
TnCa71iUVxA,12742106
NWdc7PyZNLA,12924004
ek1ePFp-nBI,12955997
_EvMYEfF_hQ,13025011
6S9c5nnDd_s,13140827
BQ_0QLL2gqI,13175590
ntLtNTUCuII,13189806
p8XP7A7kvzM,13217367
yzGmnjDFuZE,13227145
xCwwxNbtK6Y,13259857
2NlNEj2mCIg,13344328
9wg3v-01yKQ,13420530
P3BMmJtbZUs,13521617
sjVqDg32_8s,13532625
1XKSo2mFC6c,13592652
k1xvol1SCx8,13752785
_5d-sQ7Fh5M,13754992
L_u97PqWX6g,13763329
CziHrYYSyPc,13779935
N1HAMUAXzbs,13799079
RQUuqbzQVsY,13809604
XUqRem0W8L8,13884808
V69XYIRjKww,13899153
UuCq8mtK8J4,13935992
3Q2j5ApzSqs,13990890
VmwOMtkDxtk,14008109
ExJmET8boVw,14134753
pz95u3UVpaM,14161007
GpxCT36DxKg,14173801
HgknAaKNaMM,14178451
H4Hb6HcCm_E,14181777
56KYMMGudcU,14225905
swqmsRWM4rY,14241297
2z3EUY1aXdY,14251760
9_LIP7qguYw,14261473
M4vnmgZLA8s,14271333
-DRsfNObKIQ,14317515
_qQsPw4CqUI,14328102
tLOl3s0uIM4,14399269
A_xWDAbnBSU,14445005
PVbQrvlB_gw,14563324
EhSXsTSNDyo,14565961
pmMjkMtpnTc,15007407
5x-d3pabd5o,15145276
OrnpSe4OChM,15543723
8O_MwlZ2dEg,15635625
b7K_lbglfI4,15671489
FRjOSmc01-M,15870333
x4CF5pruJz4,15919643
elwTgpHlty0,15931393
uxbQATBAXf8,15960127
JVDyowAzBrU,16001760
u_SA2QkZd24,16126209
w4AImq08j9o,16202327
iQp1_GfDhwQ,16391077
dzxFdtWmjto,16416756
IlkBLwl4aBM,16427563
XiHiW4N7-bo,16651726
Gc71AmT_b2k,16796088
5sEaYB4rLFQ,16869165
NukmFF__G-g,16878331
tEnCoocmPQM,16914678
7GD1oeLeGUU,16981435
SA7AIQw-7Ms,17090129
wQ_POfToaVY,17111348
ZEkImgh--PE,17164692
dARAN1z2KqY,17172722
JSXGagNzNLw,17652685
tlILlcCE8Sc,17841722
J75enyWdbBM,17901712
TbfxmTQkLAE,17957402
_KBc4B5JFoQ,18049888
HwkLbeEYz6E,18158133
R59TevgzN3k,18189982
ErKz5mD61q4,18663711
6uJf2IT2Zh8,18778325
pHE8nIB6j2U,18804942
JwAnH6PLimo,18809249
6SuMbFuKDf8,18897251
NZ74oFctP_g,18994966
SxAp27sFaIM,19001424
_XyBa8QsVQU,19121908
G3Sl2vJrmf0,19157357
P3iLo_JI9oY,19161496
jY3lRSmdLQg,19266701
DdLYSziSXII,19280188
9mQk7Evt6Vs,19366458
ufynqs_COF4,19377077
tjA7nAHOAww,19377506
71Es-8FfATo,19551051
wrvN87l3s08,19556652
wS4ESheuHDY,19629105
coOKvrsmQiI,19678970
fAIX12F6958,19864779
BidS_rcf7UU,20262996
V15BYnSr0P8,20409647
baj6llvgpWA,20449534
kFMZUxX6K6o,20520499
d1D1SJ-KqaQ,20622018
UUkn-enk2RU,20667905
mdWcaWBxxcY,20705342
xYtsL9znopI,20710860
kX0vO4vlJuU,20721039
DKPCBAlDw2A,20756156
9XaS93WMRQQ,20816288
mzB1VGEGcSU,20981880
AE5PqQ_6V5Y,21103105
xZNBFcwd7zc,21172465
8JnfIa84TnU,21250349
p6E9R9qv1No,21265117
AQNj9fMnzDo,21315034
wbSwFU6tY1c,21530325
VhQmTmqcEY0,21853809
V54CEElTF_U,21893347
90CCjgX0n20,21964337
ycy30LIbq4w,22030457
HI-mXMr8glQ,22031899
BNzc6hG3yN4,22262762
g4Hbz2jLxvQ,22713067
S0nbOenwCLw,22912517
V5cOvyDpWfM,22975455
8h--kFui1JA,22999573
1SnWTW6YXbE,23237150
OK3GJ0WIQ8s,23416810
ryr75N0nki0,23464557
SCq8n_hOcN8,23570987
6OcOO1k-vGE,23600245
nFmSepfF48o,23676003
2nUW3nIOOOg,24075677
20bpjtCbCz0,24152049
NooW_RbfdWI,24293173
h6Yx7IIl8iY,24374813
sXP6vliZIHI,24651559
E5yFcdPAGv0,25016614
l884wKofd54,25066952
dc89yyOS0Z8,25462255
i5qOzqD9Rms,25733743
ZbB4SYJNuTo,25910075
tYDmvYhQ6wI,26578841
oWjxSkJpxFU,26703269
3ATQvgkXT9E,26813229
nQcUJdncTeg,27258657
Pgd_Tgi-pbQ,27483029
gA-NDZb29I4,27494161
_hMQe2U4c6w,27549116
EBt_88nxG4c,27740942
Bm8rz-llMhE,28352613
eVmxh5Uft0Y,28817060
vecSVX1QYbQ,29556761
Il-an3K9pjg,29641412
p8npDG2ulKQ,29742824
CX11yw6YL1w,30522582
aEM2kOrrNJI,30599645
p03TIGqEc8o,31371692
sS0LCjOiIhc,31391976
tcaw6lzYt1Q,31686727
9t9u_yPEidY,31815783
khPLWaBioOs,31940868
kton-qrKNLc,32324578
op4B9sNGi0k,32798394
pVxOVlm_lE8,33980206
xVhnfTwh1OA,34828669
VY1eFxgRR-k,35181079
4GFAZBKZVJY,35463645
WS7f5xpGYn8,36956703
pjTj-_55WZ8,38668356
n1WpP7iowLc,39235314
vn9mMeWcgoM,41612497
YBpdL9hSac4,42560014
vUTI4bPdlgE,42563351
ToY6sjSV8h8,42844249
Ph54wQG8ynk,43106222
J6-8DQALGt4,43449888
wzKL-bQKcgA,43460605
31OMf1H5Rk0,43761370
QwZT7T-TXT0,45349447
4uTNVumfm84,46205645
95Rzsn-zjr0,46514582
VwAnsAUYnw4,46548888
jzD_yyEcp0M,48159989
6YNZlXfW6Ho,49178073
U4fErC9skHE,49603959
tsp7IOr7Q9A,50122125
1Aoc-cd9eYs,50122125
9TRjE7i0ERY,52032179
oWw1BcFhk-k,53139295
LJjsm6CVsG8,53494574
Wpm07-BGJnE,53733950
y0PMqR7IbAQ,54067360
kTlv5_Bs8aw,54083634
qtTM2YV3bI8,54087829
8q1NFlE17qs,54872560
u9Mv98Gr5pY,55552122
rRzxEiBLQCA,55754734
QwievZ1Tx-8,56293347
eACohWVwTOc,56959955
0XElmYomloA,58053323
FVRPzwb1Vi4,60138087
J-dv_DcDD_A,60414277
X8sSXU-J8fI,60426299
BhIEIO0vaBE,62338362
DqSBQqj94JU,64580507
wfWIs2gFTAM,65582241
MGYJuETPQEg,65929869
Iwz4P8HfGVM,67670181
JQbjS0_ZfJ0,69257303
LPTlvQ1Zet0,69907195
liczsmUSMA4,70001631
l_lblj8Cq0o,71069947
UceaB4D0jpo,71173287
NV-3s2wwC8c,72469458
pgN-vvVVxMA,72660090
BQ31l1gPGKM,74572317
vjI4Alon-3Q,74630710
Mgfe5tIwOj0,75532895
zkG4Xpz6t68,76024264
z5WrgDzNIZ0,76687716
817P8W8-mGE,76816483
36tggrpRoTI,77400236
aJOTlE1K90k,82032462
iWZmdoY1aTE,82158039
dfnCAmr569k,87043012
gu9_m0vm7fM,90111676
LsoLEjrDogU,90598955
VTzD0jNdrmo,90788918
sD9_l3oDOag,92771184
WtE011iVx1Q,92838957
xTlNMmZKwpA,94254507
JNkTNAknE4I,94344388
i0p1bmr0EmE,98250935
DkeiKbqa02g,99282704
fGqdIPer-ms,100159686
6ZfuNTqbHE8,100672931
au2n7VVGv_c,105629911
U9BwWKXjVaI,106147032
tCXGJQYZ9JA,117270304
7C2z4GqqS5E,123010920
Ck4xHocysLw,137081637
M4ZoCHID9GI,138535053
2Vv-BfVoq4g,138578860
TyHvyGVs42U,143408235
sGIm0-dQd8M,167456025
FlsCjmMhFmw,169884583
zEf423kYfqk,200862743
ffxKSjUwKdU,208876887
xpVfcZ0ZcFM,258164991
VYOjWnS4cMY,259721696
wfWkmURBNv8,288811992
kLpH1nSLJSs,328860380
9jI-z9QN6g8,337621571
_I_D_8Z4sJE,424538912
